"id(n)","n.name","labels(n)"
"1","Master Wireshark 3 in 5 Days","[""Course""]"
"2","Learning Path: Wireshark -The Advanced Network Analysis Tool","[""Course""]"
"3","Automation Testing using Selenium & Katalon Studio","[""Course""]"
"4","Test Automation with Katalon Studio (Selenium WebDriver)","[""Course""]"
"5","Katalon Studio Beginners - Hands-on Training","[""Course""]"
"6","Complete Katalon Studio 2020 for Web + API Test Automation","[""Course""]"
"7","Web testing using Katalon Studio - Basic to advance","[""Course""]"
"8","Microsoft SQL for Beginners","[""Course""]"
"9","70-461, 761: Querying Microsoft SQL Server with Transact-SQL","[""Course""]"
"10","Microsoft SQL from A to Z","[""Course""]"
"11","Microsoft SQL Server Reporting Services (SSRS)","[""Course""]"
"12","Learn SQL with Microsoft SQL Server","[""Course""]"
"13","Microsoft SQL Server for Beginners | Crash Course","[""Course""]"
"14","CS50's Web Programming with Python and JavaScript","[""Course""]"
"15","JavaScript Introduction","[""Course""]"
"16","Programming for the Web with JavaScript","[""Course""]"
"17","Introduction to Cloud Development with HTML5, CSS3, and JavaScript","[""Course""]"
"18","Using JavaScript, JQuery, and JSON in Django","[""Course""]"
"19","Nature, in Code: Biology in JavaScript","[""Course""]"
"20","Make Your Own App","[""Course""]"
"21","SQL for Data Science","[""Course""]"
"22","Databases: Advanced Topics in SQL","[""Course""]"
"23","Structured Database Environments with SQL","[""Course""]"
"24","Databases: Relational Databases and SQL","[""Course""]"
"25","Querying Data with Transact-SQL","[""Course""]"
"26","Programming for Everybody (Getting Started with Python)","[""Course""]"
"27","Python Basics for Data Science","[""Course""]"
"28","Using Python for Research","[""Course""]"
"29","Analyzing Data with Python","[""Course""]"
"30","Python for Data Science","[""Course""]"
"31","Probability and Statistics in Data Science using Python","[""Course""]"
"32","Data visualization is the graphical representation of data in order to interactively and efficiently convey insights to clients, customers, and stakeholders in general.","[""Course""]"
"33","Data Science: Computational Thinking with Python","[""Course""]"
"34","Python Data Structures","[""Course""]"
"35","Introduction to Java Programming: Starting to code in Java","[""Course""]"
"36","Java Programming Fundamentals","[""Course""]"
"37","Introduction to Java Programming: Writing Good Code","[""Course""]"
"38","Introduction to Java Programming: Fundamental Data Structures and Algorithms","[""Course""]"
"39","Building Modern Java Applications on AWS","[""Course""]"
"40","Introduction to Object-Oriented Programming with Java I: Foundations and Syntax Basics","[""Course""]"
"41","Introduction to Object-Oriented Programming with Java II: Object-Oriented Programming and Algorithms","[""Course""]"
"42","Introduction to Object-Oriented Programming with Java III: Exceptions, Data Structures, Recursion, and GUIs","[""Course""]"
"43","Learn to Program in Java","[""Course""]"
"44","Software Construction in Java","[""Course""]"
"45","C Programming: Getting Started","[""Course""]"
"46","Introduction to Programming in C++","[""Course""]"
"47","C Programming: Language Foundations","[""Course""]"
"48","Advanced Programming in C++","[""Course""]"
"49","C Programming: Modular Programming and Memory Management","[""Course""]"
"50","C Programming: Pointers and Memory Management","[""Course""]"
"51","C Programming: Advanced Data Types","[""Course""]"
"52","C Programming: Using Linux Tools and Libraries","[""Course""]"
"53","Introduction to C++","[""Course""]"
"54","Amazon DynamoDB: Building NoSQL Database-Driven Applications","[""Course""]"
"55","Agile Development Using Ruby on Rails - Advanced","[""Course""]"
"56","Basics of Scientific Visualization in Mathematical Modeling of Systems","[""Course""]"
"57","Computing for Data Analysis","[""Course""]"
"58","Mathematical Modelling Basics","[""Course""]"
"59","Introduction to Engineering Mathematics with Applications","[""Course""]"
"60","CS50's Introduction to Computer Science","[""Course""]"
"61","Introduction to Computer Science and Programming Using Python","[""Course""]"
"62","AP Computer Science A: Java Programming","[""Course""]"
"63","CS For All: Introduction to Computer Science and Python Programming","[""Course""]"
"64","AP Computer Science A: Java Programming Classes and Objects","[""Course""]"
"65","AP Computer Science A: Java Programming Polymorphism and Advanced Data Structures","[""Course""]"
"66","AP Computer Science A: Java Programming Loops and Data Structures","[""Course""]"
"67","Network Security - Introduction to Network Security","[""Course""]"
"68","Introduction to Database Queries","[""Course""]"
"69","Databases: Modeling and Theory","[""Course""]"
"70","Advanced Database Administration","[""Course""]"
"71","Databases: Semistructured Data","[""Course""]"
"72","Data Science for Construction, Architecture and Engineering","[""Course""]"
"73","Data Science Tools","[""Course""]"
"74","Machine Learning for Data Science and Analytics","[""Course""]"
"75","Data Science: Machine Learning and Predictions","[""Course""]"
"76","Data Science and Machine Learning Capstone Project","[""Course""]"
"77","Data Analytics Basics for Everyone","[""Course""]"
"78","Introduction to Cloud Computing","[""Course""]"
"79","Implementation of Data Structures","[""Course""]"
"80","Computing in Python III: Data Structures","[""Course""]"
"81","Introduction to Data Structures","[""Course""]"
"82","Data Structures: An Active Learning Approach","[""Course""]"
"83","Data Structures and Software Design","[""Course""]"
"84","Data Structures Fundamentals","[""Course""]"
"85","Advanced Data Structures","[""Course""]"
"86","Foundations of Data Structures","[""Course""]"
"87","Data Structures & Algorithms II: Binary Trees, Heaps, SkipLists and HashMaps","[""Course""]"
"88","Introduction to Data Analysis using Excel","[""Course""]"
"89","Analyzing and Visualizing Data with Excel","[""Course""]"
"90","Cybersecurity Roles and Operating System Security","[""Course""]"
"91","Advanced Power Searching With Google","[""Course""]"
"92","Data Analytics and Visualization in Health Care","[""Course""]"
"93","Data Representation and Visualization in Tableau","[""Course""]"
"94","Data Visualization for All","[""Course""]"
"95","Visualizing Data with Python","[""Course""]"
"96","Analyzing and Visualizing Data with Power BI","[""Course""]"
"97","Automated Software Testing: Unit Testing, Coverage Criteria and Design for Testability","[""Course""]"
"98","Software Testing Fundamentals","[""Course""]"
"99","Network Security - Protocols","[""Course""]"
"100","Network and Security Foundations","[""Course""]"
"101","Data, Models and Decisions in Business Analytics","[""Course""]"
"102","Data, Analytics and Learning","[""Course""]"
"103","Stochastic Processes: Data Analysis and Computer Simulation","[""Course""]"
"104","Big Data Analysis with Apache Spark","[""Course""]"
"105","AWS: Getting Started with Cloud Security","[""Course""]"
"106","Network Security - Advanced Topics","[""Course""]"
"107","Network Security","[""Course""]"
"108","Machine Learning Fundamentals","[""Course""]"
"109","Amazon SageMaker: Simplifying Machine Learning Application Development","[""Course""]"
"110","Introduction to Machine Learning","[""Course""]"
"111","Advanced Machine Learning","[""Course""]"
"112","Dynamic Programming: Applications In Machine Learning and Genomics","[""Course""]"
"113","Classical Machine Learning for Financial Engineering","[""Course""]"
"114","Fintech: AI & Machine Learning in the Financial Industry","[""Course""]"
"115","Data Science: Machine Learning","[""Course""]"
"116","Machine Learning with Python: from Linear Models to Deep Learning","[""Course""]"
"117","Deep Learning with Python and PyTorch","[""Course""]"
"118","Deep Learning with Tensorflow","[""Course""]"
"119","Deep Learning Essentials","[""Course""]"
"120","Deep Learning and Neural Networks for Financial Engineering","[""Course""]"
"121","AI for Everyone: Master the Basics","[""Course""]"
"122","PyTorch Basics for Machine Learning","[""Course""]"
"123","Fundamentals of TinyML","[""Course""]"
"124","AI in Practice: Applying AI","[""Course""]"
"125","Introduction to Data Science","[""Course""]"
"126","Principles, Statistical and Computational Tools for Reproducible Data Science","[""Course""]"
"127","Introduction to Game Design","[""Course""]"
"128","CS50's Introduction to Game Development","[""Course""]"
"129","Project Management Life Cycle","[""Course""]"
"130","Introduction to Project Management","[""Course""]"
"131","Software Development Fundamentals","[""Course""]"
"132","Web App Development with the Power of Node.js","[""Course""]"
"133","Computer Vision Fundamentals with Watson and OpenCV","[""Course""]"
"134","Deploying TinyML","[""Course""]"
"135","CS50's Mobile App Development with React Native","[""Course""]"
"136","Web Application Technologies and Django","[""Course""]"
"137","Building Web Applications in Django","[""Course""]"
"138","Basics of Power BI","[""Course""]"
"139","The Complete JavaScript Course 2021: From Zero to Expert!","[""Course""]"
"140","JavaScript: Understanding the Weird Parts","[""Course""]"
"141","JavaScript - The Complete Guide 2021 (Beginner + Advanced)","[""Course""]"
"142","Modern JavaScript From The Beginning","[""Course""]"
"143","JavaScript: The Advanced Concepts","[""Course""]"
"144","JavaScript Basics for Beginners","[""Course""]"
"145","Advanced Javascript","[""Course""]"
"146","Modern JavaScript (Complete guide, from Novice to Ninja)","[""Course""]"
"147","The Modern Javascript Bootcamp Course (2020)","[""Course""]"
"148","Javascript Tutorial and Projects Course","[""Course""]"
"149","The Complete JavaScript Course - Beginner to Professional","[""Course""]"
"150","Modern HTML & CSS From The Beginning (Including Sass)","[""Course""]"
"151","Web Design for Beginners: Real World Coding in HTML & CSS","[""Course""]"
"152","Build Websites from Scratch with HTML & CSS","[""Course""]"
"153","Beginner Full Stack Web Development: HTML, CSS, React & Node","[""Course""]"
"154","HTML, CSS, & JavaScript - Certification Course for Beginners","[""Course""]"
"155","HTML/CSS Bootcamp - Learn HTML, CSS, Flexbox, and CSS Grid","[""Course""]"
"156","HTML & CSS Tutorial and Projects Course","[""Course""]"
"157","HTML & CSS - Certification Course for Beginners","[""Course""]"
"158","The Web Developer Bootcamp 2021","[""Course""]"
"159","The Complete Web Developer Course 2.0","[""Course""]"
"160","The Complete SQL Bootcamp 2021: Go from Zero to Hero","[""Course""]"
"161","The Complete Oracle SQL Certification Course","[""Course""]"
"162","SQL - MySQL for Data Analytics and Business Intelligence","[""Course""]"
"163","SQL for Data Analysis: Weekender Crash Course for Beginners","[""Course""]"
"164","SQL for Beginners: Learn SQL using MySQL and Database Design","[""Course""]"
"165","Master SQL For Data Science","[""Course""]"
"166","The Complete Oracle SQL Bootcamp (2021)","[""Course""]"
"167","SQL Masterclass: SQL for Data Analytics","[""Course""]"
"168","MySQL for Data Analysis - SQL Database for Beginners","[""Course""]"
"169","SQL Server Administration Part1","[""Course""]"
"170","Oracle SQL Performance Tuning Masterclass 2021","[""Course""]"
"171","Learn Python Programming Masterclass","[""Course""]"
"172","The Python Mega Course: Build 10 Real World Applications","[""Course""]"
"173","Python for Beginners: Learn Python Programming (Python 3)","[""Course""]"
"174","The Complete Python Course | Learn Python by Doing","[""Course""]"
"175","Python for Finance: Investment Fundamentals & Data Analytics","[""Course""]"
"176","Python for Absolute Beginners","[""Course""]"
"177","The Complete Python Course in the Professional OOP Approach","[""Course""]"
"178","Python for Beginners with Examples","[""Course""]"
"179","Python Bootcamp 2021 Build 15 working Applications and Games","[""Course""]"
"180","Python OOP : Four Pillars of OOP in Python 3 for Beginners","[""Course""]"
"181","Python Coding MADE EASY : A Python Coding Course in Python 3","[""Course""]"
"182","Python for beginners - Learn all the basics of python","[""Course""]"
"183","Python Network Programming Complete Masterclass","[""Course""]"
"184","Java Programming Masterclass for Software Developers","[""Course""]"
"185","Java Programming for Complete Beginners","[""Course""]"
"186","Java In-Depth: Become a Complete Java Engineer!","[""Course""]"
"187","The Complete Java Certification Course","[""Course""]"
"188","Java Programming: Complete Beginner to Advanced","[""Course""]"
"189","JSP, Servlets and JDBC for Beginners: Build a Database App","[""Course""]"
"190","Complete Java SE 8 Developer Bootcamp - OCA Prep Included","[""Course""]"
"191","Design Patterns in Java","[""Course""]"
"192","Absolute Introduction to Object Oriented Programming in Java","[""Course""]"
"193","Full Stack Java developer - Java + JSP + Restful WS + Spring","[""Course""]"
"194","Core Java Made Easy (Covers the latest Java 14)","[""Course""]"
"195","Modern Java - Learn Java 8 features by coding it","[""Course""]"
"196","Go Java Full Stack with Spring Boot and Angular","[""Course""]"
"197","Java for Absolute Beginners","[""Course""]"
"198","Java from Beginner to Expert","[""Course""]"
"199","C/C++ Pointers & Applications","[""Course""]"
"200","Detecting Memory Leaks in C/C++ Applications","[""Course""]"
"201","Understanding basics of programming with C/C++","[""Course""]"
"202","C Programming For Beginners - Master the C Language","[""Course""]"
"203","Embedded Systems Object-Oriented Programming in C/C++","[""Course""]"
"204","Integrate CLI interface to your C/C++ Projects Quickly","[""Course""]"
"205","C/C++ for Intermediate Students","[""Course""]"
"206","C/C++ for Advanced Students","[""Course""]"
"207","System C/C++ Course on Linux Timers Implementation & Design","[""Course""]"
"208","Learn C#/C# 7 through Web Pages and Visual Studio 2017","[""Course""]"
"209","Mastering Data Structures & Algorithms using C and C++","[""Course""]"
"210","C, C++, Java; A Programming MegaPrimer for Beginners","[""Course""]"
"211","Complete Modern C++ (C++11/14/17)","[""Course""]"
"212","Demystifying Bitwise Operations In C","[""Course""]"
"213","C and C++ Programming : Step-by-Step Tutorial","[""Course""]"
"214","C# Basics for Beginners: Learn C# Fundamentals by Coding","[""Course""]"
"215","Complete C# Unity Game Developer 2D","[""Course""]"
"216","C# Intermediate: Classes, Interfaces and OOP","[""Course""]"
"217","Complete C# Masterclass","[""Course""]"
"218","C# Advanced Topics: Prepare for Technical Interviews","[""Course""]"
"219","Complete C# Unity Game Developer 3D","[""Course""]"
"220","Design Patterns in C# and .NET","[""Course""]"
"221","Unit Testing for C# Developers","[""Course""]"
"222","Learn C# By Building Applications","[""Course""]"
"223","C# Developers: Learn the Art of Writing Clean Code","[""Course""]"
"224","C# Developers: Double Your Coding Speed with Visual Studio","[""Course""]"
"225","C# Basics: Learn to Code the Right Way","[""Course""]"
"226","Programming in Microsoft C# - Exam 70-483","[""Course""]"
"227","Programming for Complete Beginners in C#","[""Course""]"
"228","PHP for Beginners - Become a PHP Master - CMS Project","[""Course""]"
"229","Learn Object Oriented PHP By Building a Complete Website","[""Course""]"
"230","E-Commerce Website in PHP & MySQL From Scratch!","[""Course""]"
"231","Object Oriented PHP & MVC","[""Course""]"
"232","PHP OOP: Object Oriented Programming for beginners + Project","[""Course""]"
"233","The Complete 2020 PHP Full Stack Web Developer Bootcamp","[""Course""]"
"234","Write PHP Like a Pro: Build a PHP MVC Framework From Scratch","[""Course""]"
"235","PHP for Beginners","[""Course""]"
"236","The Complete PHP MYSQL Professional Course with 5 Projects","[""Course""]"
"237","Build a Social Network from Scratch: JavaScript PHP + MySQL","[""Course""]"
"238","PHP & MySQL - Certification Course for Beginners","[""Course""]"
"239","Make a Spotify Clone from Scratch: JavaScript PHP and MySQL","[""Course""]"
"240","Learn PHP - For Beginners","[""Course""]"
"241","Complete PHP Course With Bootstrap3 CMS System & Admin Panel","[""Course""]"
"242","PHP for Beginners 2021: all PHP code used is fully explained","[""Course""]"
"243","Learn MongoDB : Leading NoSQL Database from scratch","[""Course""]"
"244","SQL, NoSQL, Big Data and Hadoop","[""Course""]"
"245","NoSQL: Neo4j and Cypher (Part: 1-Beginners)","[""Course""]"
"246","NoSQL: Neo4j and Cypher (Part: 2-Intermediate)","[""Course""]"
"247","Learn MongoDB 3 and Rapidly Develop Scalable Applications","[""Course""]"
"248","Working with MongoDB","[""Course""]"
"249","SQL to NoSQL Database & Handson with MongoDB","[""Course""]"
"250","Learn How Python Works with NoSql Database MongoDB: PyMongo","[""Course""]"
"251","Learn NoSQL Databases - Complete MongoDB Bootcamp 2021","[""Course""]"
"252","Creating and Querying Databases with NoSQL and SQL","[""Course""]"
"253","Mongodb fundamentals","[""Course""]"
"254","A Complete Guide to OrientDB: A NoSQL Database","[""Course""]"
"255","Data Science and Machine Learning Bootcamp with R","[""Course""]"
"256","R Programming: Advanced Analytics In R For Data Science","[""Course""]"
"257","The Complete R Programming for Data Science - 7 courses in 1","[""Course""]"
"258","Machine Learning & Deep Learning in Python & R","[""Course""]"
"259","Statistics for Data Analysis Using R","[""Course""]"
"260","Complete Machine Learning with R Studio - ML for 2021","[""Course""]"
"261","R Tidyverse Reporting and Analytics for Excel Users","[""Course""]"
"262","R for Beginners","[""Course""]"
"263","Julia Programming For Data Science & Machine Learning: Julia","[""Course""]"
"264","Getting Started With Julia","[""Course""]"
"265","Machine Learning with Julia Programming for Everyone","[""Course""]"
"266","Hello Julia: Learn the New Julia Programming Language","[""Course""]"
"267","Learning Path: Julia: Explore Data Science with Julia","[""Course""]"
"268","Building Command Line Tools with Python,JavaScript and Julia","[""Course""]"
"269","(NEW) Coding for non-programmers in Julia","[""Course""]"
"270","Julia: From Julia's Zero to Hero: 2 in 1","[""Course""]"
"271","Julia Programming 2021 [UPDATED]","[""Course""]"
"272","Probabilistic Programming with Python and Julia","[""Course""]"
"273","Fast Introduction into Julia (2020)","[""Course""]"
"274","Programming using Julia","[""Course""]"
"275","Apache Spark with Scala - Hands On with Big Data!","[""Course""]"
"276","Scala & Functional Programming for Beginners | Rock the JVM","[""Course""]"
"277","Scala and Spark for Big Data and Machine Learning","[""Course""]"
"278","Advanced Scala and Functional Programming | Rock the JVM","[""Course""]"
"279","Scala Applied, Part 1","[""Course""]"
"280","Streaming Big Data with Spark Streaming and Scala - Hands On","[""Course""]"
"281","Spark 3.0 & Big Data Essentials with Scala | Rock the JVM","[""Course""]"
"282","Akka Essentials with Scala | Rock the JVM","[""Course""]"
"283","Scala Applied, Part 3","[""Course""]"
"284","Scala Advanced, Part 1 - The Scala Type System","[""Course""]"
"285","Apache Spark 3 - Spark Programming in Scala for Beginners","[""Course""]"
"286","Scala Applied, Part 2","[""Course""]"
"287","Akka Persistence with Scala | Rock the JVM","[""Course""]"
"288","Akka HTTP with Scala | Rock the JVM","[""Course""]"
"289","Learn How To Code: Google's Go (golang) Programming Language","[""Course""]"
"290","Go: The Complete Developer's Guide (Golang)","[""Course""]"
"291","Go Bootcamp: Master Golang with 1000+ Exercises and Projects","[""Course""]"
"292","Building Modern Web Applications with Go (Golang)","[""Course""]"
"293","Complete Guide to Protocol Buffers 3 [Java, Golang, Python]","[""Course""]"
"294","gRPC [Golang] Master Class: Build Modern API & Microservices","[""Course""]"
"295","Master Go (Golang) Programming:The Complete Go Bootcamp 2021","[""Course""]"
"296","How to design & develop REST microservices in Golang (Go)","[""Course""]"
"297","Exploring The Go (golang) Programming Language","[""Course""]"
"298","Mastering Multithreading Programming with Go (Golang)","[""Course""]"
"299","Concurrency in Go (Golang)","[""Course""]"
"300","Collaboration and Crawling W/ Google's Go (Golang) Language","[""Course""]"
"301","REST based microservices API development in Golang","[""Course""]"
"302","Golang: Intro to REST APIs with Go programming lang (Golang)","[""Course""]"
"303","iOS & Swift - The Complete iOS App Development Bootcamp","[""Course""]"
"304","iOS 11 & Swift 4 - The Complete iOS App Development Bootcamp","[""Course""]"
"305","The Complete iOS 10 & Swift 3 Developer Course","[""Course""]"
"306","The Complete iOS 11 & Swift Developer Course - Build 20 Apps","[""Course""]"
"307","SwiftUI Masterclass 2021 - iOS 14 App Development & Swift 5","[""Course""]"
"308","iOS & Swift: Become An App Developer","[""Course""]"
"309","The Complete iOS 12 & Swift Developer Course - Build 28 Apps","[""Course""]"
"310","How to Make a Freaking iPhone App - iOS 10 and Swift 3","[""Course""]"
"311","Build Your First iPhone App - iOS 14 Apps Using Swift 5","[""Course""]"
"312","iOS 13 - How to Make Amazing iPhone Apps: Xcode 11 & Swift 5","[""Course""]"
"313","The Complete iOS Development Course. Swift Programming A-Z","[""Course""]"
"314","Bash Scripting and Shell Programming (Linux Command Line)","[""Course""]"
"315","Linux Shell Scripting: A Project-Based Approach to Learning","[""Course""]"
"316","Bash Shell Scripting: Crash Course For Beginners","[""Course""]"
"317","Complete Linux Bash Shell Scripting with Real Life Examples","[""Course""]"
"318","Linux Bash Shell Scripting: Complete Guide (incl. AWK & SED)","[""Course""]"
"319","Complete Bash Shell Scripting","[""Course""]"
"320","BASH Programming Course: Master the Linux Command Line!","[""Course""]"
"321","Bash Shell Scripting Tutorial for Beginners","[""Course""]"
"322","Bash Shell scripting for admin and devops","[""Course""]"
"323","Linux Bash Shell Scripting: A Practical way of Learning","[""Course""]"
"324","Complete Linux Bootcamp for Beginners","[""Course""]"
"325","Bash Shell scripting and automation","[""Course""]"
"326","Bash Shell Scripting: From Scratch To Automation","[""Course""]"
"327","Learn Bash Shell in Linux for Beginners","[""Course""]"
"328","Bash scripting for beginners","[""Course""]"
"329","Learn to Code with Ruby","[""Course""]"
"330","Learn Ruby on Rails from Scratch","[""Course""]"
"331","Testing Ruby with RSpec: The Complete Guide","[""Course""]"
"332","Comprehensive Ruby Programming","[""Course""]"
"333","Ruby Programming for Beginners","[""Course""]"
"334","Ruby Programming For Everyone","[""Course""]"
"335","Learn Perl 5 By Doing It","[""Course""]"
"336","Enhance Your Skill Set with Perl","[""Course""]"
"337","Perl for Beginners: Learn A to Z of Perl Scripting Hands-on","[""Course""]"
"338","Perl Programming for Beginners","[""Course""]"
"339","COMPLETE PERL Programming 2021","[""Course""]"
"340","Perl Fundamentals","[""Course""]"
"341","Programming Perl for Beginners - The Ultimate Perl Tutorial","[""Course""]"
"342","Learning Perl by Example","[""Course""]"
"343","Getting Started with Perl for Beginners","[""Course""]"
"344","Power of Perl :: Learn Basic and Advanced Perl Programming","[""Course""]"
"345","PERL 5 Programming Course for Beginner to Advanced","[""Course""]"
"346","New Backend Development with PHP and PERL","[""Course""]"
"347","CIW Perl Specialist practice exams","[""Course""]"
"348","LAMP Stack and WAMP, MAMP : Install PHP, Apache, Perl, MySQL","[""Course""]"
"349","Become a Professional Programmer","[""Course""]"
"350","Mathematics for Computer Games Development using Unity","[""Course""]"
"351","MPLS Layer 3 VPN","[""Course""]"
"352","CCIE - MPLS Design and Configuration","[""Course""]"
"353","Les bases de Dynamics CRM 365","[""Course""]"
"354","Ethical Hacking : Wifi","[""Course""]"
"355","Real-World Ethical Hacking: Hands-on Cybersecurity","[""Course""]"
"356","Ethical Hacking with Metasploit: Exploit & Post Exploit","[""Course""]"
"357","Practical Ethical Hacking - The Complete Course","[""Course""]"
"358","Pratique pour l'examen | Oracle Database SQL 1Z0-071","[""Course""]"
"359","SQL Server : Configuration et modification d'une BDD sur SQL","[""Course""]"
"360","Apprendre la data science par la pratique avec Python !","[""Course""]"
"361","Data Science: Supervised Machine Learning in Python","[""Course""]"
"362","SQL Oracle, Theoretical Course: From Beginner to Mastery","[""Course""]"
"363","Train yourself in the SQL Server DBA profession (19-hour course)","[""Course""]"
"364","SQL Server: Configuration and modification of a database on SQL","[""Course""]"
"365","PHP-MongoDB # Develop an APP with Cloudinary & FusionChart","[""Course""]"
"366","Data Sciences from A to Z","[""Course""]"
"367","Data Science: Data Analysis with Python","[""Course""]"
"368","SQL for Data Science from A to Z (real data analysis)","[""Course""]"
"369","Programming in Python for Data Science from A to Z","[""Course""]"
"370","Programming in R for Data Science from A to Z","[""Course""]"
"371","Learn data science by doing with Python!","[""Course""]"
"372","Learn Data Science with R","[""Course""]"
"373","Data science - Discovery of the Pandas library for python","[""Course""]"
"374","Data science for algorithmic trading (2020)","[""Course""]"
"375","Data Science - Financial Applications","[""Course""]"
"376","ETL Testing: From Beginner to Expert","[""Course""]"
"377","ETL Framework for Data Warehouse Environments","[""Course""]"
"378","SQL/ETL Developer - T-SQL/Stored Procedures/ETL/SSIS","[""Course""]"
"379","Pentaho for ETL & Data Integration Masterclass 2021- PDI 9.0","[""Course""]"
"380","Pentaho Data Integration - ETL Essencial","[""Course""]"
"381","Data Science in R: ETL part 1- Import and Structure Data","[""Course""]"
"382","Data Warehouse ETL Testing & Data Quality Management A-Z","[""Course""]"
"383","Automating ETL - Complete Code Challenges and ETL Projects","[""Course""]"
"384","Data integration (ETL) with Talend Open Studio","[""Course""]"
"385","Introduction to Process Automation in ETL","[""Course""]"
"386","Data Science in R: ETL part 2 - Relationship between Data","[""Course""]"
"387","Microsoft Power BI: ETL, Analytics and Business Intelligence","[""Course""]"
"388","Learn to master ETL data integration with Pentaho kettle PDI","[""Course""]"
"389","Learn Data Warehousing From Scratch- From Solution Architect","[""Course""]"
"390","Design and Implementation of DataWarehouse with Sql Server 2019","[""Course""]"
"391","Snowflake Datawarehouse & Cloud Analytics - Introduction","[""Course""]"
"392","Data Warehouse For Beginners","[""Course""]"
"393","Learn Data Warehouse and ODI 11g - Step by Step Guide","[""Course""]"
"394","Oracle SQL for Data Analytics and Data warehousing overview","[""Course""]"
"395","TERADATA: Data Warehousing technology","[""Course""]"
"396","Ski through SnowFlake : The Data WareHouse","[""Course""]"
"397","Python OOP - Object Oriented Programming for Beginners","[""Course""]"
"398","Object Oriented Programming (OOP) in PHP - Build An OOP Site","[""Course""]"
"399","Python OOP Crash Course","[""Course""]"
"400","OOP Object Oriented Programming In PHP 7","[""Course""]"
"401","150+ Exercises - Python Object Oriented Programming - OOP","[""Course""]"
"402","Python 3: Deep Dive (Part 4 - OOP)","[""Course""]"
"403","C# OOP Concepts: Apply C# OOP Concepts On Real C# Projects","[""Course""]"
"404","Software Development From A to Z - OOP, UML, Agile, Python","[""Course""]"
"405","C# 8.0 - OOP - Ultimate Guide - Beginner to Advanced","[""Course""]"
"406","Building Database Web App PHP | OOP | PDO | AJAX | MySQL","[""Course""]"
"407","Demystifying OOP with C++","[""Course""]"
"408","Migration of databases to AWS in French!","[""Course""]"
"409","Amazon AWS EC2 for Beginners","[""Course""]"
"410","UI / UX App Design: Application Designer with Adobe XD","[""Course""]"
"411","Flexbox CSS - The Complete Guide to Practice","[""Course""]"
"412","CSS Animations - The Practical Guide","[""Course""]"
"413","UX UI - Adobe XD from beginner to advanced","[""Course""]"
"414","WEB DESIGN - The Complete Course | 18 hours + 5 WORKSHOPS","[""Course""]"
"415","Adobe XD create prototypes","[""Course""]"
"416","Python for Financial Analysis and Algorithmic Trading","[""Course""]"
"417","Object Oriented Programming (OOP) & Algorithmics, from A to Z","[""Course""]"
"418","Learn and master Excel from A to Z","[""Course""]"
"419","Excel: Macro - VBA","[""Course""]"
"420","Excel, master the key skills to become an expert!","[""Course""]"
"421","Excel: SEARCH FUNCTIONS","[""Course""]"
"422","Excel from 0 to Hero become an expert too","[""Course""]"
"423","Excel VBA: become an expert!","[""Course""]"
"424","Microsoft Excel 2019 in less than an hour for beginners","[""Course""]"
"425","Juniper JNCIA Made Easy: Complete JNCIA Course with LAB","[""Course""]"
"426","Installer, configurer et administrer Ubuntu Server (Linux)","[""Course""]"
"427","Install, configure and administer Ubuntu Server (Linux)","[""Course""]"
"428","Maintain, audit and automate Linux systems (Ubuntu)","[""Course""]"
"429","Software Development Processes (SDLC Models)","[""Course""]"
"430","The Software Development Process - The Complete Course","[""Course""]"
"431","Become # 1 on Google | Complete SEO Guide | SEO","[""Course""]"
"432","Google SEO ? Certification | The Complete Course (3 IN 1)","[""Course""]"
"433","Formation SEO & WordPress","[""Course""]"
"434","The GUIDE from 0 to 2000 qualified visitors thanks to SEO","[""Course""]"
"435","Git and GitHub training: from Beginner to Expert","[""Course""]"
"436","Git & GitHub: the ULTIMATE training","[""Course""]"
"437","Learning Git - A Guide to Learning to Use Git","[""Course""]"
"438","Learn to use Git","[""Course""]"
"439","Complete Git Guide: Understand and master Git and GitHub","[""Course""]"
"440","Git and Github for dummies","[""Course""]"
"441","Git: The essential for any developer","[""Course""]"
"442","Master the fundamentals of Git and Github","[""Course""]"
"443","Java EE: Spring Framework / Hibernate / Git / Maven / Flickr","[""Course""]"
"444","Tableau 10 : Data Analytics, Visualization et Reporting","[""Course""]"
"445","SQL and Data Visualization - The Complete Course","[""Course""]"
"446","Python Data Analysis & Visualization Bootcamp","[""Course""]"
"447","D3.js Data Visualization Fundamentals - Hands On","[""Course""]"
"448","Interactive Data Visualization with Python and Bokeh","[""Course""]"
"449","Data Visualization with Kibana","[""Course""]"
"450","Build Data Visualizations with D3.js & Firebase","[""Course""]"
"451","Mastering data visualization in D3.js [2020 UPDATE]","[""Course""]"
"452","Data Visualization with Python for Beginners","[""Course""]"
"453","Data Storytelling and Data Visualization 2020","[""Course""]"
"454","Make Meetings Work & Tackle Time Management Troubles","[""Course""]"
"455","Practical Project Management for Managers and First Time PMs","[""Course""]"
"456","The Secrets of Self-Motivation Mastery","[""Course""]"
"457","Selenium WebDriver with Java -Basics to Advanced+Frameworks","[""Course""]"
"458","Rest API Testing (Automation) from Scratch -RestAssured Java","[""Course""]"
"459","Appium -Mobile Automation Testing from Scratch + Frameworks","[""Course""]"
"460","Learn JMETER from Scratch on Live Apps -Performance Testing","[""Course""]"
"461","Master Software Testing+Jira+Agile on Live App-Be a TeamLead","[""Course""]"
"462","Quick introduction to Postman for beginners","[""Course""]"
"463","The Complete 2021 Software Testing Bootcamp","[""Course""]"
"464","In-Depth Software Testing Training Course From Scratch","[""Course""]"
"465","Automated Software Testing with Python","[""Course""]"
"466","POSTMAN API Testing - Step by Step for Beginners","[""Course""]"
"467","Become a Software Tester: Learn Software Testing & Get a Job","[""Course""]"
"468","REST API Testing, Automation using POSTMAN","[""Course""]"
"469","Ethical Hacking:Network Fundamentals & Network Layer Attacks","[""Course""]"
"470","Wireless Networking Fundamentals","[""Course""]"
"471","The Complete Networking Fundamentals Course. Your CCNA start","[""Course""]"
"472","Python Network Programming for Network Engineers (Python 3)","[""Course""]"
"473","Python for Network Engineers: Netmiko, NAPALM, pyntc, Telnet","[""Course""]"
"474","Mastering Modbus RS485 Network Communication","[""Course""]"
"475","Computer Networking : Go from Zero to Hero (2021)","[""Course""]"
"476","Data Modeling and Relational Database Design using Erwin","[""Course""]"
"477","Learning Data Modeling","[""Course""]"
"478","OBIEE 12c Data Modeling Course","[""Course""]"
"479","Build and train a data model to recognize objects in images!","[""Course""]"
"480","Data Modelling For Beginners","[""Course""]"
"481","Microsoft SQL Server Certification (70-768): SQL Data Models","[""Course""]"
"482","Data Modelling and Database Design for Business Analysts","[""Course""]"
"483","SAP MDG - Data Modeling for Beginners with Hands-On","[""Course""]"
"484","Data modeling and Relational database design","[""Course""]"
"485","Microsoft 70-466:Implementing Data Models & Reports","[""Course""]"
"486","Statistics for Data Science and Business Analysis","[""Course""]"
"487","Microsoft Excel Data Analysis - Learn How The Experts Use It","[""Course""]"
"488","Complete Introduction to Business Data Analysis","[""Course""]"
"489","Microsoft Excel Data Analysis and Dashboard Reporting","[""Course""]"
"490","SQL for Data Analysis: Beginner MySQL Business Intelligence","[""Course""]"
"491","Python A-Z?: Python For Data Science With Real Exercises!","[""Course""]"
"492","Statistics for Data Analysis Using Excel 2016","[""Course""]"
"493","Excel Dashboard and Data Analysis Masterclass","[""Course""]"
"494","Data Analysis with Pandas and Python","[""Course""]"
"495","Learning Python for Data Analysis and Visualization","[""Course""]"
"496","Presentation Skills: Master Confident Presentations","[""Course""]"
"497","PowerPoint Masterclass - Presentation Design & Animation","[""Course""]"
"498","Brain Hacking Presentations Skills","[""Course""]"
"499","Powerpoint 2016 2019 - Master powerpoint presentation","[""Course""]"
"500","Build, Modernize and Troubleshoot your Android Apps","[""Course""]"
"501","Effective teamwork using SharePoint and Lync 2010","[""Course""]"
"502","Technical Writing: How to Write Software Documentation","[""Course""]"
"503","Create your Microsoft Word documentation | From Zero to Pro","[""Course""]"
"504","Python for Data Science and Machine Learning Bootcamp","[""Course""]"
"505","Machine Learning, Data Science and Deep Learning with Python","[""Course""]"
"506","Introduction to Machine Learning for Data Science","[""Course""]"
"507","Complete Machine Learning & Data Science Bootcamp 2021","[""Course""]"
"508","Cluster Analysis and Unsupervised Machine Learning in Python","[""Course""]"
"509","Bayesian Machine Learning in Python: A/B Testing","[""Course""]"
"510","Data Science 2021 : Complete Data Science & Machine Learning","[""Course""]"
"511","Python & Machine Learning for Financial Analysis","[""Course""]"
"512","A-Z Machine Learning using Azure Machine Learning (AzureML)","[""Course""]"
"513","Complete 2020 Data Science & Machine Learning Bootcamp","[""Course""]"
"514","Data Science: Deep Learning in Python","[""Course""]"
"515","Deep Learning Prerequisites: The Numpy Stack in Python (V2+)","[""Course""]"
"516","The Data Science Course 2021: Complete Data Science Bootcamp","[""Course""]"
"517","Deep Learning Prerequisites: Linear Regression in Python","[""Course""]"
"518","Deep Learning: Convolutional Neural Networks in Python","[""Course""]"
"519","Deep Learning Prerequisites: Logistic Regression in Python","[""Course""]"
"520","Deep Learning: Recurrent Neural Networks in Python","[""Course""]"
"521","Modern Deep Learning in Python","[""Course""]"
"522","The Business Intelligence Analyst Course 2021","[""Course""]"
"523","Business Intelligence with Microsoft Power BI -With Material","[""Course""]"
"524","Power BI Masterclass Business Intelligence in action","[""Course""]"
"525","Excel 2013 PowerPivot & Advanced Business Intelligence Tools","[""Course""]"
"526","Data Warehousing and Business Intelligence for Managers","[""Course""]"
"527","Business Intelligence Development Using Python","[""Course""]"
"528","Oracle Business Intelligence Enterprise Edition (OBIEE 11g)","[""Course""]"
"529","Business Intelligence (BI) and Financial Forecasting","[""Course""]"
"530","Tableau 10 Business Intelligence Solutions - Volume 1","[""Course""]"
"531","Business Intelligence IT & Analytics","[""Course""]"
"532","Oracle DBA 11g/12c - Database Administration for Junior DBA","[""Course""]"
"533","Oracle Database Administrator DBA","[""Course""]"
"534","A Guide to becoming an Oracle Database Administrator (DBA)","[""Course""]"
"535","Foundation for Oracle Database Administrator (DBA)","[""Course""]"
"536","Oracle Database Administration for Absolute Beginners","[""Course""]"
"537","SQL Server Database Administrator: Learn SQL DBA Skills","[""Course""]"
"538","OCP MySQL 5.7 Database Administrator (1Z0-888) Practice Test","[""Course""]"
"539","Learn T-SQL From Scratch For SQL Server Administrator","[""Course""]"
"540","SQL and Database for Analysts - Increase your team value","[""Course""]"
"541","MySQL Database Administration - SQL Database for Beginners","[""Course""]"
"542","Database Management Systems - MySQL","[""Course""]"
"543","Oracle Database Administration","[""Course""]"
"544","The Data Analyst Course: Complete Data Analyst Bootcamp 2021","[""Course""]"
"545","Practical SQL Bootcamp for Data Analysts and Data Scientists","[""Course""]"
"546","Data Analyst's Toolbox: Excel to MySQL","[""Course""]"
"547","Data Analysts Toolbox: Excel, Python, Power BI","[""Course""]"
"548","Become a Python Data Analyst","[""Course""]"
"549","CCA 159 - Data Analyst using Sqoop, Hive and Impala","[""Course""]"
"550","Python Interview Quiz for Data Analyst","[""Course""]"
"551","Microsoft Excel for Data Analysts","[""Course""]"
"552","Data Analysis with Microsoft Excel and Google Sheets","[""Course""]"
"553","Become a Game Designer the Complete Series Coding to Design","[""Course""]"
"554","Game Designer Briefcase: Virtual Reality & Character Sculpt","[""Course""]"
"555","Learn Professional 2D Game Asset Graphic Design in Photoshop","[""Course""]"
"556","Become a professional Game Designer","[""Course""]"
"557","Learn to Design Game Assets in Photoshop","[""Course""]"
"558","Learn Game Maker Studio 2: Introduction to Game Development","[""Course""]"
"559","Brief Introduction to Game Design","[""Course""]"
"560","Learning Game Design: Part 1","[""Course""]"
"561","Unreal Engine Blueprint Game Developer","[""Course""]"
"562","Unity 2D Game Developer Course Farming RPG","[""Course""]"
"563","The Complete Unity Indie Game Developer Course","[""Course""]"
"564","3D Modeling in Blender 2.8 for Unity Video Game Developers","[""Course""]"
"565","Unity Game Development Master Class","[""Course""]"
"566","Game Design Analysis for Developers","[""Course""]"
"567","The Game Developer Bootcamp","[""Course""]"
"568","Junior Game Developer","[""Course""]"
"569","Making Your First Game: GameMaker Studio 2","[""Course""]"
"570","Game Development","[""Course""]"
"571","Unity Game Development Build 2D & 3D Games","[""Course""]"
"572","React Native for Mobile Developers","[""Course""]"
"573","Intermediate Mobile App Development (Swift 3, iPhone iOS10)","[""Course""]"
"574","9A0-064 Adobe Flash Lite 2.0 Mobile Developer Practice Exam","[""Course""]"
"575","Mobile and Web Development with React JS & Native & Angular","[""Course""]"
"576","Android App Development with Kotlin","[""Course""]"
"577","Beginning Project Management: Project Management Level One","[""Course""]"
"578","The Project Management Course: Beginner to PROject Manager","[""Course""]"
"579","Project Management Essentials","[""Course""]"
"580","Project Management Fundamentals: Crash Course for Beginners","[""Course""]"
"581","Project Management: Getting Started and Beyond","[""Course""]"
"582","The Technical Project Manager - Leadership & Management","[""Course""]"
"583","Project management for Beginners:First step Project manager","[""Course""]"
"584","How to become a Project Manager for a Painting Company","[""Course""]"
"585","Project Management: From Beginner to ""Project Manager""","[""Course""]"
"586","How to become a successful SAP Project Manager","[""Course""]"
"587","Project Management Skills for Non Project Managers","[""Course""]"
"588","Successful Project Manager","[""Course""]"
"589","Project Management: Simple Software Project Management","[""Course""]"
"590","Project Integration Management","[""Course""]"
"591","Complete Cyber Security Course: Beginner's Guide","[""Course""]"
"592","Become a Junior Java Software Developer","[""Course""]"
"593","How to Become a Software Developer From Scratch","[""Course""]"
"594","C programming, Golden step to become software developer","[""Course""]"
"595","Visual Studio Code for Software Developers","[""Course""]"
"596","Software Architecture for the Enterprise Architect","[""Course""]"
"597","Software Architecture and Design Essentials","[""Course""]"
"598","Software Testing Masterclass (2021) - From Novice to Expert","[""Course""]"
"599","Software Testing A-Z: Boost your career to the next level","[""Course""]"
"600","Sketching for UX Designers - Boost UX work with pen & paper!","[""Course""]"
"601","Complete Web & Mobile Designer in 2021: UI/UX, Figma, +more","[""Course""]"
"602","UI Design Handoff to Development. Course for UX/UI Designer","[""Course""]"
"603","Become a UI/UX Designer | Everything You need to know","[""Course""]"
"604","Get Started in UI/UX Design","[""Course""]"
"605","Mobile App Design in Affinity Designer: UX & UI from Scratch","[""Course""]"
"606","The Complete App Design Course - UX, UI and Design Thinking","[""Course""]"
"607","The Complete Web Developer in 2021: Zero to Mastery","[""Course""]"
"608","The Advanced Web Developer Bootcamp","[""Course""]"
"609","The Complete 2021 Web Development Bootcamp","[""Course""]"
"610","The Complete Web Developer Masterclass: Beginner To Advanced","[""Course""]"
"611","Become a Web Developer from Scratch","[""Course""]"
"612","Become A Full Stack Web Developer - Beginner To Advanced","[""Course""]"
"613","Advanced Web Developer Course: Beginner to Advanced","[""Course""]"
"614","The Essential Web Developer Course - Build 12 Websites","[""Course""]"
"615","The Complete 2020 Web Developer Master Course","[""Course""]"
"616","Bootcamp programistyczny 2020 (PL): Web dev Full stack","[""Course""]"
"617","Dev FullStack con Spring Boot Java 8 y Angular 9 Typescript","[""Course""]"
"618","Full stack web development and AI with Python (Django)","[""Course""]"
"619","Fullstack Go Golang Node.Js Python PHP Sci Fi Dev Framework","[""Course""]"
"620","Node with React: Fullstack Web Development","[""Course""]"
"621","MERN Stack Front To Back: Full Stack React, Redux & Node.js","[""Course""]"
"622","Python and Django Full Stack Web Developer Bootcamp","[""Course""]"
"623","The Complete Full-Stack JavaScript Course!","[""Course""]"
"624","The Complete 2020 Fullstack Web Developer Course","[""Course""]"
"625","The Full Stack Web Development","[""Course""]"
"626","Full-Stack Web Development For Beginners","[""Course""]"
"627","The complete React Fullstack course ( 2021 edition )","[""Course""]"
"628","React and Serverless - Fullstack Web Development","[""Course""]"
"629","Desenvolvimento Web Full Stack com Python e Django","[""Course""]"
"630","Python for Computer Vision with OpenCV and Deep Learning","[""Course""]"
"631","Deep Learning: Advanced Computer Vision (GANs, SSD, +More!)","[""Course""]"
"632","PyTorch for Deep Learning and Computer Vision","[""Course""]"
"633","Convolutional Neural Networks in Python: CNN Computer Vision","[""Course""]"
"634","Computer Vision: YOLO Custom Object Detection with Colab GPU","[""Course""]"
"635","Computer Vision: Face Recognition Quick Starter in Python","[""Course""]"
"636","OpenCV Python For Beginners | Hands on Computer Vision","[""Course""]"
"637","Computer Vision: Python OCR & Object Detection Quick Starter","[""Course""]"
"638","Hands-On Computer Vision with OpenCV 4, Keras & TensorFlow 2","[""Course""]"
"639","Computer Vision and Machine Learning with OpenCV 4","[""Course""]"
"640","Computer Vision In Python! Face Detection & Image Processing","[""Course""]"
"641","Complete Guide to TensorFlow for Deep Learning with Python","[""Course""]"
"642","Learning Path:TensorFlow: The Road to TensorFlow-2nd Edition","[""Course""]"
"643","TensorFlow 2.0 Masterclass: Hands-On Deep Learning and AI","[""Course""]"
"644","TensorFlow - Hands-on Machine Learning with TensorFlow 2021","[""Course""]"
"645","TensorFlow: Artificial Intelligence with TensorFlow: 3-in-1","[""Course""]"
"646","Intro to TensorFlow - For iOS & Android","[""Course""]"
"647","Introduction to tensorflow 2","[""Course""]"
"648","Tensorflow 2.0: Deep Learning and Artificial Intelligence","[""Course""]"
"649","Complete Tensorflow 2 and Keras Deep Learning Bootcamp","[""Course""]"
"650","Deep Learning with TensorFlow 2.0 [2021]","[""Course""]"
"651","A Complete Guide on TensorFlow 2.0 using Keras API","[""Course""]"
"652","Machine Learning in JavaScript with TensorFlow.js","[""Course""]"
"653","Tensorflow and Keras For Neural Networks and Deep Learning","[""Course""]"
"654","PyTorch: Deep Learning and Artificial Intelligence","[""Course""]"
"655","PyTorch for Deep Learning with Python Bootcamp","[""Course""]"
"656","Practical Deep Learning with PyTorch","[""Course""]"
"657","Reinforcement Learning with Pytorch","[""Course""]"
"658","Introduction to Generative Adversarial Networks with PyTorch","[""Course""]"
"659","PyTorch Tutorial - Neural Networks & Deep Learning in Python","[""Course""]"
"660","Build an app with ASPNET Core and Angular from scratch","[""Course""]"
"661","Complete guide to ASP.NET Core MVC (.NET 5)","[""Course""]"
"662","Build a Real-world App with ASP.NET Core and Angular 2 (4+)","[""Course""]"
"663","Programming in Blazor - ASP.NET Core 5","[""Course""]"
"664","Advanced ASP.NET Core 3.1 MVC","[""Course""]"
"665",".NET Core 3.1 Web API & Entity Framework Core Jumpstart","[""Course""]"
"666","Complete ASP.Net Core 3.1 and Entity Framework Development","[""Course""]"
"667","Rest Api's in Asp.Net Core and C#","[""Course""]"
"668","Learn C#.Net Core With Real World Examples","[""Course""]"
"669","The Complete ASP.NET MVC 5 Course","[""Course""]"
"670","Asp.Net MVC 5 - Ultimate Guide - In depth & Sample Project","[""Course""]"
"671","Dependency Injection in .NET Core & .NET 5 (Second Edition)","[""Course""]"
"672","The Complete jQuery Course: From Beginner To Advanced!","[""Course""]"
"673","jQuery for Absolute Beginners : From Beginning to Advanced","[""Course""]"
"674","1 hour jQuery","[""Course""]"
"675","jQuery Course Beginner to Professional jQuery for beginners","[""Course""]"
"676","jQuery Crash Course: Learn the Essentials of jQuery Fast","[""Course""]"
"677","jQuery UI in Action: Build 11 jQuery UI Projects","[""Course""]"
"678","Complete Javascript Course for Beginners with jQuery & AJAX","[""Course""]"
"679","Bootstrap & jQuery - Certification Course for Beginners","[""Course""]"
"680","Superb jQuery Course - Become Certified jQuery Developer","[""Course""]"
"681","jQuery Memory Game Project How to code a Project with jQuery","[""Course""]"
"682","The complete beginner JavaScript ES5, ES6 and JQuery Course","[""Course""]"
"683","jQuery for Absolute Beginners","[""Course""]"
"684","React - The Complete Guide (incl Hooks, React Router, Redux)","[""Course""]"
"685","Modern React with Redux [2020 Update]","[""Course""]"
"686","The Complete React Native + Hooks Course [2020 Edition]","[""Course""]"
"687","Complete React Developer in 2021 (w/ Redux, Hooks, GraphQL)","[""Course""]"
"688","React Native - The Practical Guide [2021 Edition]","[""Course""]"
"689","The Complete React Developer Course (w/ Hooks and Redux)","[""Course""]"
"690","Hello React - React Training for JavaScript Beginners","[""Course""]"
"691","Complete React Hooks Course 2020: A - Z ( Scratch to React )","[""Course""]"
"692","React js. From the beginning. w/ Redux and React Router","[""Course""]"
"693","React Native and Redux Course using hooks","[""Course""]"
"694","The complete React Native course ( 2021 edition )","[""Course""]"
"695","Meteor and React for Realtime Apps","[""Course""]"
"696","Full React Js Course: React JS, Redux, Hooks and Context","[""Course""]"
"697","Introduction to D3.js with React","[""Course""]"
"698","Angular - The Complete Guide (2021 Edition)","[""Course""]"
"699","The Complete Angular Course: Beginner to Advanced","[""Course""]"
"700","Angular Crash Course for Busy Developers","[""Course""]"
"701","Learn and Understand AngularJS","[""Course""]"
"702","Angular & NodeJS - The MEAN Stack Guide [2021 Edition]","[""Course""]"
"703","Angular (Full App) with Angular Material, Angularfire & NgRx","[""Course""]"
"704","Learn Protractor(Angular Testing) from scratch +Framework","[""Course""]"
"705","Angular Router In Depth","[""Course""]"
"706","Angular Core Deep Dive (with FREE E-Book)","[""Course""]"
"707","Angular 4 Java Developers","[""Course""]"
"708","Angular 11 Masterclass with TypeScript, Firebase, & Material","[""Course""]"
"709","Angular interview questions with answers","[""Course""]"
"710","Node.js, Express, MongoDB & More: The Complete Bootcamp 2021","[""Course""]"
"711","Node.js API Masterclass With Express & MongoDB","[""Course""]"
"712","React, NodeJS, Express & MongoDB - The MERN Fullstack Guide","[""Course""]"
"713","Learn Express","[""Course""]"
"714","The Complete Express And NodeJS Developer Course","[""Course""]"
"715","Building REST API using Node.js and Express","[""Course""]"
"716","Advanced Node.js Development","[""Course""]"
"717","Getting Started with NodeJS for Beginners","[""Course""]"
"718","Mastering NodeJs","[""Course""]"
"719","The Complete Node Js + Express JS + Mongo DB Bootcamp 2020","[""Course""]"
"720","Intro to NodeJS","[""Course""]"
"721","Full Stack Isomorphic JavaScript with Vue.js & Node.js","[""Course""]"
"722","Web Scraping in Nodejs & JavaScript","[""Course""]"
"723","Learn and Understand NodeJS","[""Course""]"
"724","NodeJS - The Complete Guide (MVC, REST APIs, GraphQL, Deno)","[""Course""]"
"725","Xamarin Forms: Build Native Cross-platform Apps with C#","[""Course""]"
"726","Xamarin on Steroids: Xamarin Forms Shell and MVVM","[""Course""]"
"727","Xamarin Android: Learn to Build Native Android Apps With C#","[""Course""]"
"728","Xamarin Quest: Build Maintainable Apps with Xamarin and MVVM","[""Course""]"
"729","The Advanced Xamarin Developer Masterclass","[""Course""]"
"730","Xamarin & Firebase: Authentication and Firestore for Xamarin","[""Course""]"
"731","Learn MVVM in Xamarin Forms and C#","[""Course""]"
"732","Build Real World App with Xamarin Forms","[""Course""]"
"733","Xamarin: Build Native Cross Platform Apps with C# Codes","[""Course""]"
"734","Xamarin Android in C# and Firebase","[""Course""]"
"735","The Ultimate Hands-On Hadoop: Tame your Big Data!","[""Course""]"
"736","Taming Big Data with MapReduce and Hadoop - Hands On!","[""Course""]"
"737","Learn Big Data: The Hadoop Ecosystem Masterclass","[""Course""]"
"738","Hadoop Developer In Real World","[""Course""]"
"739","CCA 175 - Spark and Hadoop Developer Certification - Scala","[""Course""]"
"740","Learn By Example: Hadoop, MapReduce for Big Data problems","[""Course""]"
"741","Become a Hadoop Developer |Training|Tutorial","[""Course""]"
"742","Master Apache Hadoop - Infinite Skills Hadoop Training","[""Course""]"
"743","A Big Data Hadoop and Spark project for absolute beginners","[""Course""]"
"744","Hadoop MAPREDUCE in Depth | A Real-Time course on Mapreduce","[""Course""]"
"745","Real World Hadoop - Automating Hadoop install with Python!","[""Course""]"
"746","Real World Hadoop - Deploying Hadoop with Cloudera Manager","[""Course""]"
"747","Learn how to Analyse Hadoop Data using Apache Pig","[""Course""]"
"748","Flutter - Beginners Course","[""Course""]"
"749","Flutter - Advanced Course","[""Course""]"
"750","The Complete 2021 Flutter Development Bootcamp with Dart","[""Course""]"
"751","Flutter & Dart - The Complete Guide [2021 Edition]","[""Course""]"
"752","Dart and Flutter: The Complete Developer's Guide","[""Course""]"
"753","Flutter & Firebase: Build a Complete App for iOS & Android","[""Course""]"
"754","Master Flutter - Learn Dart & Flutter by Developing 5 Apps","[""Course""]"
"755","The Complete Flutter Bootcamp: Zero to Hero in Flutter Dart","[""Course""]"
"756","Build a Rental App with Flutter: iOS & Android Masterclass","[""Course""]"
"757","Flutter For You","[""Course""]"
"758","Flutter Mobile E-Commerce: In-App Purchase Flutter & Square","[""Course""]"
"759","The Complete Flutter and Firebase Developer Course","[""Course""]"
"760","Flutter with Firebase","[""Course""]"
"761","Flutter & Dart - The Complete Flutter App Development Course","[""Course""]"
"762","Bootstrap 4 From Scratch With 5 Projects","[""Course""]"
"763","WordPress Theme Development with Bootstrap","[""Course""]"
"764","The Bootstrap 4 Bootcamp","[""Course""]"
"765","Responsive Web Design Essentials - HTML5 CSS3 Bootstrap","[""Course""]"
"766","Learn Bootstrap 4 By Creating An Advanced Bootstrap Theme","[""Course""]"
"767","Build Responsive Website Using HTML5, CSS3, JS And Bootstrap","[""Course""]"
"768","HTML, JavaScript, & Bootstrap - Certification Course","[""Course""]"
"769","Bootstrap - Create 4 Real World Projects","[""Course""]"
"770","Bootstrap Basics: Program Responsive Websites","[""Course""]"
"771","Master Bootstrap 5 and code 6 projects","[""Course""]"
"772","Bootstrap 4 Beginners: Code a Responsive Landing Page","[""Course""]"
"773","Build Modern Responsive Website With HTML5, CSS3 & Bootstrap","[""Course""]"
"774","Bootstrap: Build a modern Responsive website with bootstrap","[""Course""]"
"775","Learn Bootstrap By Building Projects - Includes Bootstrap 4","[""Course""]"
"776","Learn Bootstrap - For Beginners","[""Course""]"
"777","REST APIs with Flask and Python","[""Course""]"
"778","Python and Flask Bootcamp: Create Websites using Flask!","[""Course""]"
"779","Web Developer Bootcamp with Flask and Python","[""Course""]"
"780","Python REST APIs with Flask, Docker, MongoDB, and AWS DevOps","[""Course""]"
"781","Advanced REST APIs with Flask and Python","[""Course""]"
"782","The Ultimate Flask Course","[""Course""]"
"783","Python And Flask Framework Complete Course For Beginners","[""Course""]"
"784","Scalable Web Applications with Python, Flask, and SQLAlchemy","[""Course""]"
"785","Face Recognition Web App with Machine Learning in Flask","[""Course""]"
"786","Python,Flask Framework And Django Course For Beginners","[""Course""]"
"787","The Flask Mega-Tutorial (Python Web Development)","[""Course""]"
"788","Python And Flask Demonstrations Practice Course","[""Course""]"
"789","The Complete Python Masterclass: Learn Python From Scratch","[""Course""]"
"790","Python Django Dev To Deployment","[""Course""]"
"791","Build a Backend REST API with Python & Django - Advanced","[""Course""]"
"792","Django 3 - Full Stack Websites with Python Web Development","[""Course""]"
"793","Django Masterclass : Build Web Apps With Python & Django","[""Course""]"
"794","Django & Python: complete BUNDLE + Django real project 2020","[""Course""]"
"795","The Complete Python 3 Course: Beginner to Advanced!","[""Course""]"
"796","Django Core | A Reference Guide to Core Django Concepts","[""Course""]"
"797","Build Python Django Real Project: Django Web Development","[""Course""]"
"798","The Ultimate Beginner's Guide to Django 1.11","[""Course""]"
"799","Django A-Z: Build & Deploy Web Project With Python & Django","[""Course""]"
"800","Python Django Web Development: To-Do App","[""Course""]"
"801","Python And Django Framework For Beginners Complete Course","[""Course""]"
"802","The Complete Ruby on Rails Developer Course","[""Course""]"
"803","Dissecting Ruby on Rails 5 - Become a Professional Developer","[""Course""]"
"804","Professional Ruby on Rails Developer with Rails 5","[""Course""]"
"805","Ruby and Ruby on Rails Starter","[""Course""]"
"806","Ruby on Rails 6: Learn 25+ gems and build a Startup MVP 2021","[""Course""]"
"807","Ruby on Rails Foundations","[""Course""]"
"808","REST API with Ruby on Rails: The Complete Guide","[""Course""]"
"809","Basics of GraphQL with Ruby on Rails","[""Course""]"
"810","JavaScript and Ruby on Rails with React, Angular, and Vue","[""Course""]"
"811","Ruby on Rails 6 Complete Beginner's Course [2020]","[""Course""]"
"812","Ruby on Rails 5 Masterclass: Build Ajax web app from scratch","[""Course""]"
"813","2020 Complete Ruby on Rails 6 Bootcamp: Learn Ruby on Rails","[""Course""]"
"814","Ruby on Rails: Training and Skills to Build Web Applications","[""Course""]"
"815","Ruby On Rails for Beginners","[""Course""]"
"816","Master Ruby on Rails - For Beginners","[""Course""]"
"817","PHP with Laravel for beginners - Become a Master in Laravel","[""Course""]"
"818","Laravel Masterclass:Make 6 web apps with PHP,Laravel 8[2021]","[""Course""]"
"819","RESTful API with Laravel: Build a Real API with Laravel","[""Course""]"
"820","Laravel 2019, the complete guide with real world projects","[""Course""]"
"821","Laravel with Vue.js - Fullstack Web Development (2020)","[""Course""]"
"822","Master Laravel with Vue.js Fullstack Development","[""Course""]"
"823","Master Laravel for Beginners & Intermediate [2020 Update]","[""Course""]"
"824","Ultimate PHP, Laravel, CSS & Sass! Learn PHP, Laravel & Sass","[""Course""]"
"825","Crash Course Laravel and Vue JS 2021 Bootcamp + free CMS","[""Course""]"
"826","Laravel 7 for Beginners practical course","[""Course""]"
"827","Laravel & Realtime: Build Several Realtime Apps with Laravel","[""Course""]"
"828","Laravel 8 PHP Framework A - Z Build Professional Ecommerce","[""Course""]"
"829","Laravel 8 Vuejs & RESTful API Course With Complete Project","[""Course""]"
"830","Master Laravel & Create High-Level Applications with Laravel","[""Course""]"
"831","Laravel API Development & Vue JS SPA from Scratch","[""Course""]"
"832","Vue - The Complete Guide (w/ Router, Vuex, Composition API)","[""Course""]"
"833","Build Web Apps with Vue JS 3 & Firebase","[""Course""]"
"834","Vue JS Essentials with Vuex and Vue Router","[""Course""]"
"835","Vue JS 2.0 - Mastering Web Apps","[""Course""]"
"836","React JS, Angular & Vue JS - Quickstart & Comparison","[""Course""]"
"837","Complete Vue.js 3 (Inc. Composition API, Vue Router, Vuex)","[""Course""]"
"838","Vue.js Essentials - 3 Course Bundle","[""Course""]"
"839","Vue JS 2: From Beginner to Professional (includes Vuex)","[""Course""]"
"840","Complete Web Development Course: HTML, Vue.js, PHP, MySQL","[""Course""]"
"841","The Complete Guide to Django REST Framework and Vue JS","[""Course""]"
"842","Application Development with Advanced Ember","[""Course""]"
"843","Become a Professional JavaScript Programmer","[""Course""]"
"844","Backbone Tutorial: Learn Backbonejs from Scratch","[""Course""]"
"845","Learn to Program in BackboneJs : Code like a Pro","[""Course""]"
"846","The Ultimate BackboneJS Course - Learn By Building a Website","[""Course""]"
"847","Master Backbone JS: A Course For Web Developers & Designers","[""Course""]"
"848","Learning BackboneJS Testing","[""Course""]"
"849","React Native Expo from Beginner to Pro :: Also with MeteorJS","[""Course""]"
"850","Create Web Apps with Meteor & React","[""Course""]"
"851","Advance Projects in Meteor : Build Apps Using JavaScript","[""Course""]"
"852","Learn MeteorJS By Building 10 Real World Projects","[""Course""]"
"853","Master Meteor - Meteor JS From the Ground up","[""Course""]"
"854","Learn React and Meteor in 2021: Build a multiplayer game","[""Course""]"
"855","Meteor: Build a real-time web app using only JavaScript!","[""Course""]"
"856","Fundamentals of Meteor.js","[""Course""]"
"857","Meteor: Full Stack JavaScript, MongoDB & App Development","[""Course""]"
"858","Build your first real-time web application with MeteorJS","[""Course""]"
"859","Learn Web Development by Creating a Social Network","[""Course""]"
"860","CherryPy - A minimalist web framework for python","[""Course""]"
"861","Python - Bottle Web Framework","[""Course""]"
"862","Fun and creative web engineering with Python and Web2py","[""Course""]"
"863","GitHub Ultimate: Master Git and GitHub - Beginner to Expert","[""Course""]"
"864","Git & GitHub Complete Masterclass : Beginner to Git Expert","[""Course""]"
"865","Git & GitHub Masterclass","[""Course""]"
"866","Git & GitHub with Eclipse, Android studio & IntelliJ","[""Course""]"
"867","The Complete GitHub Actions & Workflows Guide","[""Course""]"
"868","Git & GitHub - The Complete Git & GitHub Course","[""Course""]"
"869","Git & GitHub: Ultimate and Practical Guide for Beginners!","[""Course""]"
"870","Git Github Gitkraken: Version Control without Command Line","[""Course""]"
"871","Github introduction to version control and remote files","[""Course""]"
"872","Sketch from A to Z (2020): Become an app designer","[""Course""]"
"873","The Complete Sketch 5 Course - Design Apps & Websites 2020","[""Course""]"
"874","Mobile App Design from scratch with Sketch 3 : UX and UI","[""Course""]"
"875","UI Animation using Sketch 3, Principle App, and Flinto","[""Course""]"
"876","Learn Sketch in 30 Minutes","[""Course""]"
"877","Sketch App - Modern UI Design","[""Course""]"
"878","Hands on Sketch Training - Learn Website Design","[""Course""]"
"879","Hands on Sketch Training - Learn Mobile App Design","[""Course""]"
"880","Mastering Sublime Text 3 - Text Editing, Web and Python Dev","[""Course""]"
"881","Customizing Sublime Text: Build Your Perfect Code Editor","[""Course""]"
"882","Sublime Text 3 Editor for Developers to work like a Pro","[""Course""]"
"883","Make Sublime Coders Friendly","[""Course""]"
"884","Animating Sketch files in InVision Studio (2020)","[""Course""]"
"885","Diving In with InVision Studio","[""Course""]"
"886","Mastering Mobile App Design With InVision Studio","[""Course""]"
"887","InVision Studio for UI Designers","[""Course""]"
"888","Learn The Secrets of Web Design With Invision Studio","[""Course""]"
"889","Learn JIRA with real-world examples (+Confluence bonus)","[""Course""]"
"890","Understanding Jira for users, managers and admins","[""Course""]"
"891","Best QA Manual Software Testing: Live Project+Agile+Jira+API","[""Course""]"
"892","Team workflows in JIRA","[""Course""]"
"893","Project Planning with Advanced Roadmaps for Jira","[""Course""]"
"894","Learn Atlassian JIRA - For Agile Software Development Teams","[""Course""]"
"895","JIRA Visual Reference: Issue Administration","[""Course""]"
"896","The Complete JIRA Agile Project Management Course","[""Course""]"
"897","Complete Agile scrum project management using JIRA tool","[""Course""]"
"898","Learn JIRA Quickly - Enhance your resume, Move Ahead!","[""Course""]"
"899","Jira Crash Course | Jira Fundamentals for Agile Projects","[""Course""]"
"900","JIRA Administration - Getting Started with JIRA","[""Course""]"
"901","Setting Up a Real-World Project in JIRA","[""Course""]"
"902","Agile Project Management using Jira Software for Beginners!","[""Course""]"
"903","Learn JIRA for Beginners","[""Course""]"
"904","User Experience Design Essentials - Adobe XD UI UX Design","[""Course""]"
"905","UI/UX design with Adobe XD: Design & Prototype a Mobile App","[""Course""]"
"906","Adobe XD UI/UX Design, prototype, and handoff from scratch","[""Course""]"
"907","Adobe XD: UI & UX Design with 14 real world project 2020 tut","[""Course""]"
"908","Design Mobile Apps: UI, UX & Prototyping in Adobe XD & PS","[""Course""]"
"909","UI UX Design & Prototyping using Adobe XD - 2020 Essentials","[""Course""]"
"910","Adobe XD Masterclass: Learn UI & UX Design from Zero to Hero","[""Course""]"
"911","Adobe Xd Masterclass - UI / UX Design From Scratch","[""Course""]"
"912","Learn Adobe Xd Webdesign: Design websites from zero: UX & UI","[""Course""]"
"913","Learn User Experience Design from A-Z: Adobe XD UI/UX Design","[""Course""]"
"914","User Experience Design with Adobe XD- Learn UI and UXD","[""Course""]"
"915","Adobe XD CC 2020","[""Course""]"
"916","Adobe Xd Animation - Complete Guide From Icons To UI","[""Course""]"
"917","App Design with Adobe Xd","[""Course""]"
"918","User Experience Design - Learn the UX UI Process & Adobe XD","[""Course""]"
"919","VMware vSphere 6.0 Part 1 - Virtualization, ESXi and VMs","[""Course""]"
"920","The Complete VMware vSphere 7: Beginner to Advanced-pt 1/2","[""Course""]"
"921","Clear and Simple VMware vSphere 6.5 Foundations VCP - Part 1","[""Course""]"
"922","Clear and Simple VMware Certified Associate (VCA-DBT)","[""Course""]"
"923","Clear and Simple VMware vSphere 6.7 Professional VCP-DCV","[""Course""]"
"924","Clear and Simple vSphere 7 Foundations (VCTA 2020 Associate)","[""Course""]"
"925","Clear and Simple VMware NSX 6.2 and vSphere Virtual Networks","[""Course""]"
"926","Complete VMWare vSphere ESXi and vCenter Administration","[""Course""]"
"927","Wordpress for Beginners - Master Wordpress Quickly","[""Course""]"
"928","Become a WordPress Developer: Unlocking Power With Code","[""Course""]"
"929","The Complete WordPress Website Business Course","[""Course""]"
"930","WordPress for Beginners: Create a Website Step by Step","[""Course""]"
"931","WordPress for Beginners: Create Your Own WordPress Website","[""Course""]"
"932","Complete WordPress Theme & Plugin Development Course [2020]","[""Course""]"
"933","Complete Wordpress Training For Beginners","[""Course""]"
"934","WordPress 2021: The Complete WordPress Website Course","[""Course""]"
"935","How To Make a Wordpress Website -Elementor Page Builder","[""Course""]"
"936","WordPress Development - Themes, Plugins & Gutenberg","[""Course""]"
"937","Wordpress Complete Web Design :Latest Wordpress Design Techs","[""Course""]"
"938","The Complete WordPress Website & SEO Training Masterclass","[""Course""]"
"939","WordPress Intermediate Skills","[""Course""]"
"940","WordPress: Create Stunning Wordpress Websites for Business","[""Course""]"
"941","IntelliJ IDEA Tricks to Boost Productivity for Java Devs","[""Course""]"
"942","Learn TestNG using IntelliJ IDEA","[""Course""]"
"943","Java Debugging With IntelliJ IDEA","[""Course""]"
"944","Complete IntelliJ IDEA 2019 course for beginners","[""Course""]"
"945","Refactoring Java with IntelliJ IDEA","[""Course""]"
"946","Learn VirtualBox: Step by Step (Install 5 Operating Systems)","[""Course""]"
"947","Learn VirtualBox Server and Network Virtualization!","[""Course""]"
"948","Virtualbox Mastercourse: Virtual Machines Step by Step","[""Course""]"
"949","VirtualBox 1.9: Advanced Features and Practical Use","[""Course""]"
"950","Mastering VirtualBox and Network Virtualization","[""Course""]"
"951","Devtools Pro: The Basics of Chrome Developer Tools","[""Course""]"
"952","Microsoft Power BI - A Complete Introduction [2021 EDITION]","[""Course""]"
"953","Microsoft Power BI - Up & Running With Power BI Desktop","[""Course""]"
"954","Power BI A-Z: Hands-On Power BI Training For Data Science!","[""Course""]"
"955","Complete Introduction to Microsoft Power BI [2020 Edition]","[""Course""]"
"956","Microsoft Power BI - Business Intelligence for Beginners","[""Course""]"
"957","Power BI - Data Analytics Essentials with Power BI","[""Course""]"
"958","Power BI Masterclass - beginners to advanced","[""Course""]"
"959","Microsoft Power BI - Publishing to Power BI Service","[""Course""]"
"960","Master in Microsoft Power BI Desktop and Service","[""Course""]"
"961","DA-100: Analyzing and Visualizing Data with Power BI","[""Course""]"
"962","Microsoft Certified: Data Analyst Associate with Power BI","[""Course""]"
"963","Power BI Masterclass from Scratch in 60 minutes","[""Course""]"
"964","Tableau 2020 A-Z: Hands-On Tableau Training for Data Science","[""Course""]"
"965","Tableau 20 Advanced Training: Master Tableau in Data Science","[""Course""]"
"966","Tableau for Beginners: Get CA Certified, Grow Your Career","[""Course""]"
"967","Tableau 2020, 19, 18 & 10: Certified Associate certification","[""Course""]"
"968","Master Course in Tableau 10 & 2020 for Business Intelligence","[""Course""]"
"969","Tableau 2019 + Tableau 2018: Tableau DS Certification","[""Course""]"
"970","Tableau Specialist Certification Prep","[""Course""]"
"971","Tableau Expert: Top Visualization Techniques in Tableau 10","[""Course""]"
"972","The Complete Tableau Bootcamp for Data Visualization","[""Course""]"
"973","TABLEAU 2018: Hands-On Tableau Training For Data Science!","[""Course""]"
"974","Complete Tableau 2020 Training for Absolute Beginners","[""Course""]"
"975","Tableau 2019 + Tableau 2018: Tableau CA Certification 2020","[""Course""]"
"976","Construct 2: Learn to Build Mobile Games in 2 Hours!","[""Course""]"
"977","Construct 3 - The Complete Game Creation Learning Course","[""Course""]"
"978","Epic Construct 2 Course: Complete 60 Beginner Games!","[""Course""]"
"979","Create 20 sport casino games in Construct 2 / Construct 3","[""Course""]"
"980","Introductory Game Development Course with Construct 2","[""Course""]"
"981","Learn UI Mobile App Design & Game Mechanics in Construct 2","[""Course""]"
"982","Wireshark: Packet Analysis and Ethical Hacking: Core Skills","[""Course""]"
"983","The Complete Wireshark Course: Go from Beginner to Advanced!","[""Course""]"
"984","Start Using Wireshark to Hack like a Pro","[""Course""]"
"985","Wireshark Tutorial - Get Wireshark Certification","[""Course""]"
"986","Mastering Wireshark 2","[""Course""]"
"987","Wireshark Crash Course","[""Course""]"
"988","Follow Me to Learn Wireshark Packet Capture","[""Course""]"
"989","Backend Dev","[""Career""]"
"990","Bridge Engineer","[""Career""]"
"991","Business Analyst","[""Career""]"
"992","Business Intelligence","[""Career""]"
"993","Data Analyst","[""Career""]"
"994","Data Engineer","[""Career""]"
"995","Data Scientist","[""Career""]"
"996","Database Administrator","[""Career""]"
"997","DevOps Engineer","[""Career""]"
"998","ERP Manager","[""Career""]"
"999","Embedded Developer","[""Career""]"
"1000","Embedded Engineer","[""Career""]"
"1001","Front end Dev","[""Career""]"
"1002","Full Stack Dev","[""Career""]"
"1003","Game Developer","[""Career""]"
"1004","Graphic Designer","[""Career""]"
"1005","Hardware Engineer","[""Career""]"
"1006","Mobile Developer","[""Career""]"
"1007","Network Administrator","[""Career""]"
"1008","Network Engineer","[""Career""]"
"1009","Project Manager","[""Career""]"
"1010","Quality Engineer","[""Career""]"
"1011","Security Engineer","[""Career""]"
"1012","Security Specialist","[""Career""]"
"1013","Software Architect","[""Career""]"
"1014","Software Developer","[""Career""]"
"1015","Software Engineer","[""Career""]"
"1016","System Administrator","[""Career""]"
"1017","System Engineer","[""Career""]"
"1018","Technical Architect","[""Career""]"
"1019","Technical Consultant","[""Career""]"
"1020","Technical Manager","[""Career""]"
"1021","Tester","[""Career""]"
"1022","UX UI Designer","[""Career""]"
"1023","Web Designer","[""Career""]"
"1024","Web Developer","[""Career""]"
"1025","Laravel","[""Framework""]"
"1026","Bootstrap","[""Framework""]"
"1027","OpenCV","[""Framework""]"
"1028","PyTorch","[""Framework""]"
"1029","Anaconda","[""Framework""]"
"1030","Tensorflow","[""Framework""]"
"1031","NumPy","[""Framework""]"
"1032","Pandas","[""Framework""]"
"1033","Angular","[""Framework""]"
"1034","MVC","[""Framework""]"
"1035","jQuery","[""Framework""]"
"1036","Redux","[""Framework""]"
"1037","Protractor","[""Framework""]"
"1038","Backbone.js","[""Framework""]"
"1039","MVVM","[""Framework""]"
"1040","MapReduce","[""Framework""]"
"1041","Apache Hadoop","[""Framework""]"
"1042","Flutter","[""Framework""]"
"1043","MVP","[""Framework""]"
"1044","Vue.js","[""Framework""]"
"1045","Meteor","[""Framework""]"
"1046","Web2py","[""Framework""]"
"1047","React","[""Framework""]"
"1048","SciPy","[""Framework""]"
"1049","scikit-learn","[""Framework""]"
"1050","Matplotlib","[""Framework""]"
"1051","Junit","[""Framework""]"
"1052","API","[""Framework""]"
"1053","Bulma","[""Framework""]"
"1054","Spring","[""Framework""]"
"1055",".NET","[""Framework""]"
"1056","Xamarin Forms","[""Framework""]"
"1057","gRPC","[""Framework""]"
"1058","ARKit","[""Framework""]"
"1059","Metasploit","[""Framework""]"
"1060","Appium","[""Framework""]"
"1061","React Native","[""Framework""]"
"1062","NativeScript","[""Framework""]"
"1063","Webpack","[""Framework""]"
"1064","Generative Adversarial Networks","[""Framework""]"
"1065","D3.js","[""Framework""]"
"1066","AngularJS","[""Framework""]"
"1067","Apache Spark SQL","[""Framework""]"
"1068","PySpark","[""Framework""]"
"1069","SQLAlchemy","[""Framework""]"
"1070","Ember.js","[""Framework""]"
"1071","Jasmine","[""Framework""]"
"1072","Seaborn","[""Framework""]"
"1073","Svelte","[""Framework""]"
"1074","ASP.NET","[""Framework""]"
"1075","UIKit","[""Framework""]"
"1076","ASP .NET Core MVC","[""Framework""]"
"1077","Xamarin","[""Framework""]"
"1078","ReactJS","[""Framework""]"
"1079","TestNG","[""Framework""]"
"1080","Apache Airflow","[""Framework""]"
"1081","AngularCLI","[""Framework""]"
"1082","Angular Material","[""Framework""]"
"1083","AngularFire","[""Framework""]"
"1084","Apache Solr","[""Framework""]"
"1085","Behave WebDriver","[""Framework""]"
"1086","Blazor","[""Framework""]"
"1087","Bokeh","[""Framework""]"
"1088","Cocos2d-x","[""Framework""]"
"1089","Construct 2","[""Framework""]"
"1090","Cordova","[""Framework""]"
"1091","Corona","[""Framework""]"
"1092","GameSalad","[""Framework""]"
"1093","Jest","[""Framework""]"
"1094","LibGDX","[""Framework""]"
"1095","Love2d","[""Framework""]"
"1096","PDO","[""Framework""]"
"1097","Panda3D","[""Framework""]"
"1098","Passport","[""Framework""]"
"1099","Puppeteer","[""Framework""]"
"1100","PyMongo","[""Framework""]"
"1101","PyQt","[""Framework""]"
"1102","Pygame","[""Framework""]"
"1103","React JSX","[""Framework""]"
"1104","SQLite","[""Framework""]"
"1105","Servlets","[""Framework""]"
"1106","Vuex","[""Framework""]"
"1107","PowerShell","[""Framework""]"
"1108","Scrapy","[""Framework""]"
"1109","RapidMiner","[""Framework""]"
"1110","Weka","[""Framework""]"
"1111","Serenity","[""Framework""]"
"1112","Cypress","[""Framework""]"
"1113","Django","[""Framework""]"
"1114","Dialog","[""Framework""]"
"1115","Hadoop","[""Framework""]"
"1116","Exonum","[""Framework""]"
"1117","Hyperledger","[""Framework""]"
"1118","MDA","[""Framework""]"
"1119","Ionic","[""Framework""]"
"1120","Keras","[""Framework""]"
"1121","Grinder","[""Framework""]"
"1122","OpenNLP","[""Framework""]"
"1123","HTML","[""Language""]"
"1124","CSS","[""Language""]"
"1125","Python","[""Language""]"
"1126","JavaScript","[""Language""]"
"1127","Java","[""Language""]"
"1128","PHP","[""Language""]"
"1129","Go","[""Language""]"
"1130","C++","[""Language""]"
"1131","C#","[""Language""]"
"1132","Scala","[""Language""]"
"1133","Ruby","[""Language""]"
"1134","SQL","[""Language""]"
"1135","C","[""Language""]"
"1136","JSON","[""Language""]"
"1137","Sass","[""Language""]"
"1138","XAML","[""Language""]"
"1139","Julia","[""Language""]"
"1140","Bash","[""Language""]"
"1141","Perl","[""Language""]"
"1142","VBA","[""Language""]"
"1143","XML","[""Language""]"
"1144","Kotlin","[""Language""]"
"1145","UML","[""Language""]"
"1146","Scratch","[""Language""]"
"1147","PL/SQL","[""Language""]"
"1148","GraphQL","[""Language""]"
"1149","HSQLDB","[""Language""]"
"1150","LINQ","[""Language""]"
"1151","ABAP","[""Language""]"
"1152","TypeScript","[""Language""]"
"1153","T-SQL","[""Language""]"
"1154","Groovy","[""Language""]"
"1155","Objective-C","[""Language""]"
"1156","SysML","[""Language""]"
"1157","WSDL","[""Language""]"
"1158","X++","[""Language""]"
"1159","Lua","[""Language""]"
"1160","R","[""Language""]"
"1161","Rust","[""Language""]"
"1162","Cypher","[""Language""]"
"1163","x86 assembly language","[""Language""]"
"1164","BASIC","[""Language""]"
"1165","Fortran","[""Language""]"
"1166","Visual Basic .NET","[""Language""]"
"1167","Machine learning","[""Technique""]"
"1168","Artificial Intelligence","[""Technique""]"
"1169","OOP","[""Technique""]"
"1170","Recommender system","[""Technique""]"
"1171","Business intelligence","[""Technique""]"
"1172","Neural network","[""Technique""]"
"1173","Repository pattern","[""Technique""]"
"1174","N-Tier Architecture","[""Technique""]"
"1175","UI/UX","[""Technique""]"
"1176","Big Data","[""Technique""]"
"1177","Game development","[""Technique""]"
"1178","Ethical hacking","[""Technique""]"
"1179","Network security","[""Technique""]"
"1180","Relational database","[""Technique""]"
"1181","Databases","[""Technique""]"
"1182","Business Analysis","[""Technique""]"
"1183","Data Structure","[""Technique""]"
"1184","Data Analysis","[""Technique""]"
"1185","Data Visualization","[""Technique""]"
"1186","Automated Software Testing","[""Technique""]"
"1187","Code coverage","[""Technique""]"
"1188","Project management","[""Technique""]"
"1189","Ajax","[""Technique""]"
"1190","Regular expression","[""Technique""]"
"1191","Local Storage","[""Technique""]"
"1192","Functional programming","[""Technique""]"
"1193","FrontEnd","[""Technique""]"
"1194","Real-time database","[""Technique""]"
"1195","Responsive web design","[""Technique""]"
"1196","Backend","[""Technique""]"
"1197","Performance tuning","[""Technique""]"
"1198","Financial analysis","[""Technique""]"
"1199","REST API","[""Technique""]"
"1200","Desktop graphical","[""Technique""]"
"1201","Image Processing","[""Technique""]"
"1202","Network automation","[""Technique""]"
"1203","Design Pattern","[""Technique""]"
"1204","Parallel programming","[""Technique""]"
"1205","Pointer","[""Technique""]"
"1206","Embedded firmware development","[""Technique""]"
"1207","Driver development","[""Technique""]"
"1208","Mobile application design","[""Technique""]"
"1209","Password hashing","[""Technique""]"
"1210","Graph database","[""Technique""]"
"1211","Probabilistic programming","[""Technique""]"
"1212","Reactive Microservices","[""Technique""]"
"1213","RESTful API","[""Technique""]"
"1214","Protocol Buffers","[""Technique""]"
"1215","Domain-driven design","[""Technique""]"
"1216","Hexagonal Architecture","[""Technique""]"
"1217","Escape analysis","[""Technique""]"
"1218","Multithreading","[""Technique""]"
"1219","Microservices","[""Technique""]"
"1220","RBAC","[""Technique""]"
"1221","Perl programming","[""Technique""]"
"1222","Routing","[""Technique""]"
"1223","Network design","[""Technique""]"
"1224","CRM","[""Technique""]"
"1225","Linux hacking","[""Technique""]"
"1226","IT security","[""Technique""]"
"1227","Improve performance","[""Technique""]"
"1228","Backup & Restore","[""Technique""]"
"1229","Data Warehouse","[""Technique""]"
"1230","Property decorator","[""Technique""]"
"1231","Observer pattern","[""Technique""]"
"1232","RDP","[""Technique""]"
"1233","OSI model","[""Technique""]"
"1234","Waterfall Model","[""Technique""]"
"1235","RUP","[""Technique""]"
"1236","Manual Testing","[""Technique""]"
"1237","LAN","[""Technique""]"
"1238","IP Address","[""Technique""]"
"1239","RS-485","[""Technique""]"
"1240","Networking protocol","[""Technique""]"
"1241","RDD","[""Technique""]"
"1242","F-test","[""Technique""]"
"1243","Distributed system","[""Technique""]"
"1244","SOLID","[""Technique""]"
"1245","Hybrid mobile app development","[""Technique""]"
"1246","Detail design","[""Technique""]"
"1247","Online community","[""Technique""]"
"1248","Information Management","[""Technique""]"
"1249","Information  technology","[""Technique""]"
"1250","OLAP","[""Technique""]"
"1251","System analysis","[""Technique""]"
"1252","Information System","[""Technique""]"
"1253","Digital marketing","[""Technique""]"
"1254","NLP","[""Technique""]"
"1255","Robotics","[""Technique""]"
"1256","Information extraction","[""Technique""]"
"1257","Finance","[""Technique""]"
"1258","Risk management","[""Technique""]"
"1259","Quantitative Analysis","[""Technique""]"
"1260","ETL","[""Technique""]"
"1261","Information security","[""Technique""]"
"1262","Business process management","[""Technique""]"
"1263","Analytics","[""Technique""]"
"1264","Data mining","[""Technique""]"
"1265","Financial technology","[""Technique""]"
"1266","NoSQL","[""Technique""]"
"1267","Generalized linear model","[""Technique""]"
"1268","Random forests","[""Technique""]"
"1269","Mathematical optimization","[""Technique""]"
"1270","Agile","[""Technique""]"
"1271","Entity-Relationship Diagram","[""Technique""]"
"1272","Database Design","[""Technique""]"
"1273","Disaster recovery","[""Technique""]"
"1274","SCRUM","[""Technique""]"
"1275","Scheduling","[""Technique""]"
"1276","Preemption","[""Technique""]"
"1277","Round-robin","[""Technique""]"
"1278","Integration Testing","[""Technique""]"
"1279","RTOS","[""Technique""]"
"1280","Embedded software development","[""Technique""]"
"1281","Requirements analysis","[""Technique""]"
"1282","Black-box testing","[""Technique""]"
"1283","Embedded software testing","[""Technique""]"
"1284","Hardware designs","[""Technique""]"
"1285","Embedded system","[""Technique""]"
"1286","Software development lifecycle","[""Technique""]"
"1287","Real Time Operating System","[""Technique""]"
"1288","Automotive communication protocols","[""Technique""]"
"1289","AUTOSAR","[""Technique""]"
"1290","Automotive domain","[""Technique""]"
"1291","Network programming","[""Technique""]"
"1292","Network management","[""Technique""]"
"1293","Optical networking","[""Technique""]"
"1294","Configuration Toolchain","[""Technique""]"
"1295","Linux system call","[""Technique""]"
"1296","POSIX","[""Technique""]"
"1297","SPI","[""Technique""]"
"1298","Embedded operating system","[""Technique""]"
"1299","RFID/NFC","[""Technique""]"
"1300","Object-oriented design","[""Technique""]"
"1301","Electronics","[""Technique""]"
"1302","Physics","[""Technique""]"
"1303","Endpoint Security","[""Technique""]"
"1304","Data Loss Prevention","[""Technique""]"
"1305","Network Security Auditing","[""Technique""]"
"1306","Penetration test","[""Technique""]"
"1307","Firewall","[""Technique""]"
"1308","Networking monitoring","[""Technique""]"
"1309","Business Administration","[""Technique""]"
"1310","Operating system development","[""Technique""]"
"1311","SFTP","[""Technique""]"
"1312","RTSP","[""Technique""]"
"1313","Load balancing","[""Technique""]"
"1314","Routers","[""Technique""]"
"1315","Cisco Switches Peplink","[""Technique""]"
"1316","A10","[""Technique""]"
"1317","F5 load balancers","[""Technique""]"
"1318","Wireless Networks","[""Technique""]"
"1319","AnyConnect VPN","[""Technique""]"
"1320","IPSec site-to-site VPN","[""Technique""]"
"1321","DLP","[""Technique""]"
"1322","Antispam","[""Technique""]"
"1323","Squid Proxy","[""Technique""]"
"1324","IPS/IDS Solutions","[""Technique""]"
"1325","CDN","[""Technique""]"
"1326","Anti-DDoS Protection","[""Technique""]"
"1327","ISO 27000","[""Technique""]"
"1328","Electric engineering","[""Technique""]"
"1329","Server administration","[""Technique""]"
"1330","Resource management","[""Technique""]"
"1331","Time management","[""Technique""]"
"1332","Quality management","[""Technique""]"
"1333","Embedded firmware testing","[""Technique""]"
"1334","Project budgeting","[""Technique""]"
"1335","E-commerce","[""Technique""]"
"1336","Magento","[""Technique""]"
"1337","Enterprise resource planning","[""Technique""]"
"1338","Partner management","[""Technique""]"
"1339","Operational Performance Management","[""Technique""]"
"1340","CMMI","[""Technique""]"
"1341","System engineering","[""Technique""]"
"1342","Software engineering","[""Technique""]"
"1343","SDLC","[""Technique""]"
"1344","ALM","[""Technique""]"
"1345","DevOps","[""Technique""]"
"1346","Blockchain","[""Technique""]"
"1347","SQAP","[""Technique""]"
"1348","Java Persistence API","[""Technique""]"
"1349","LAMP","[""Technique""]"
"1350","Java application development","[""Technique""]"
"1351","RAID","[""Technique""]"
"1352","Linux Systems administration","[""Technique""]"
"1353","IAAS","[""Technique""]"
"1354","PaaS","[""Technique""]"
"1355","Kentico CMS","[""Technique""]"
"1356","Lambda architecture","[""Technique""]"
"1357","Functional Testing","[""Technique""]"
"1358","Regression testing","[""Technique""]"
"1359","Prototyping","[""Technique""]"
"1360","Mockup design","[""Technique""]"
"1361","Page speed optimization","[""Technique""]"
"1362","Mobile app development","[""Technique""]"
"1363","Web development","[""Technique""]"
"1364","Razor","[""Technique""]"
"1365","Java Dabase Connectivity","[""Technique""]"
"1366","MCAL","[""Technique""]"
"1367","POP","[""Technique""]"
"1368","SVG","[""Technique""]"
"1369","iOS","[""Technique""]"
"1370","Graphic design","[""Technique""]"
"1371","IDS/IPS","[""Technique""]"
"1372","WYSIWYG","[""Tool""]"
"1373","MongoDB","[""Tool""]"
"1374","Git","[""Tool""]"
"1375","Jupyter Notebook","[""Tool""]"
"1376","Node.js","[""Tool""]"
"1377","PostgreSQL","[""Tool""]"
"1378","Redis","[""Tool""]"
"1379","Chrome DevTools","[""Tool""]"
"1380","Netlify","[""Tool""]"
"1381","PyCharm","[""Tool""]"
"1382","Android Studio","[""Tool""]"
"1383","iPython","[""Tool""]"
"1384","Visual Code","[""Tool""]"
"1385","Visual Studio","[""Tool""]"
"1386","SSMS","[""Tool""]"
"1387","Postman","[""Tool""]"
"1388","Firebase","[""Tool""]"
"1389","TKInter","[""Tool""]"
"1390","GitHub","[""Tool""]"
"1391","Sketch","[""Tool""]"
"1392","InVision Studio","[""Tool""]"
"1393","Jira","[""Tool""]"
"1394","Adobe XD","[""Tool""]"
"1395","WordPress","[""Tool""]"
"1396","IntelliJ IDEA","[""Tool""]"
"1397","VirtualBox","[""Tool""]"
"1398","Power BI","[""Tool""]"
"1399","Tableau","[""Tool""]"
"1400","Wireshark","[""Tool""]"
"1401","Heroku","[""Tool""]"
"1402","Microsoft SQL Server","[""Tool""]"
"1403","Amazon DynamoDB","[""Tool""]"
"1404","Windows","[""Tool""]"
"1405","RStudio","[""Tool""]"
"1406","IBM Watson Studio","[""Tool""]"
"1407","Microsoft Azure","[""Tool""]"
"1408","Google Cloud Platform","[""Tool""]"
"1409","Google","[""Tool""]"
"1410","LightSide","[""Tool""]"
"1411","Apache Spark","[""Tool""]"
"1412","Amazon CloudWatch","[""Tool""]"
"1413","Amazon GuardDuty","[""Tool""]"
"1414","Amazon SageMaker","[""Tool""]"
"1415","MySQL","[""Tool""]"
"1416","Oracle","[""Tool""]"
"1417","Jshell","[""Tool""]"
"1418","Unity","[""Tool""]"
"1419","ReSharper","[""Tool""]"
"1420","Neo4j","[""Tool""]"
"1421","OrientDB","[""Tool""]"
"1422","Akka","[""Tool""]"
"1423","Xcode","[""Tool""]"
"1424","RSpec","[""Tool""]"
"1425","Active Directory","[""Tool""]"
"1426","SQL*Plus","[""Tool""]"
"1427","SQL Developer","[""Tool""]"
"1428","SQL Server","[""Tool""]"
"1429","SSIS","[""Tool""]"
"1430","MySQL WorkBench","[""Tool""]"
"1431","Adobe After Effects","[""Tool""]"
"1432","Microsoft Excel","[""Tool""]"
"1433","Google Analytics","[""Tool""]"
"1434","Google Search Console","[""Tool""]"
"1435","Google Chrome","[""Tool""]"
"1436","Kibana","[""Tool""]"
"1437","Selenium","[""Tool""]"
"1438","Apache JMeter","[""Tool""]"
"1439","Bugzilla","[""Tool""]"
"1440","OBIEE","[""Tool""]"
"1441","SharePoint","[""Tool""]"
"1442","PowerPoint","[""Tool""]"
"1443","Microsoft Power BI","[""Tool""]"
"1444","Power Query","[""Tool""]"
"1445","Apache Sqoop","[""Tool""]"
"1446","Google Sheets","[""Tool""]"
"1447","Blender","[""Tool""]"
"1448","Bitbucket","[""Tool""]"
"1449","Adobe Flash Player","[""Tool""]"
"1450","Travis CI","[""Tool""]"
"1451","Adobe Illustrator","[""Tool""]"
"1452","Zeplin","[""Tool""]"
"1453","Adobe Photoshop","[""Tool""]"
"1454","Google Colab","[""Tool""]"
"1455","Notepad++","[""Tool""]"
"1456","Brackets","[""Tool""]"
"1457","Sublime Text","[""Tool""]"
"1458","Node Package Manager","[""Tool""]"
"1459","Prism","[""Tool""]"
"1460","MVVM Light Toolkit","[""Tool""]"
"1461","Apache Hive","[""Tool""]"
"1462","Apache Maven","[""Tool""]"
"1463","Gunicorn","[""Tool""]"
"1464","Nginx","[""Tool""]"
"1465","Webfaction","[""Tool""]"
"1466","NetBeans","[""Tool""]"
"1467","VMWare Server","[""Tool""]"
"1468","Katalon Studio","[""Tool""]"
"1469","LaTeX","[""Tool""]"
"1470","Pandoc","[""Tool""]"
"1471","npm","[""Tool""]"
"1472","Parcel","[""Tool""]"
"1473","Babel","[""Tool""]"
"1474","Eclipse","[""Tool""]"
"1475","JDK","[""Tool""]"
"1476","JVM","[""Tool""]"
"1477","Apache Hbase","[""Tool""]"
"1478","Replit","[""Tool""]"
"1479","Apache Kafka","[""Tool""]"
"1480","Apache Flume","[""Tool""]"
"1481","Amazon Kinesis","[""Tool""]"
"1482","Apache Cassandra","[""Tool""]"
"1483","Microsoft Dynamics 365","[""Tool""]"
"1484","Social Engineering Toolkit","[""Tool""]"
"1485","Microsoft Visual Studio Shell","[""Tool""]"
"1486","SSDT","[""Tool""]"
"1487","Pentaho Data Integration","[""Tool""]"
"1488","Talend Data Integration","[""Tool""]"
"1489","SAS","[""Tool""]"
"1490","Windows PowerShell ISE","[""Tool""]"
"1491","Pentaho","[""Tool""]"
"1492","Microsoft SQL Server Management Studio","[""Tool""]"
"1493","XAMPP","[""Tool""]"
"1494","Ubuntu Server","[""Tool""]"
"1495","GitLab","[""Tool""]"
"1496","Adobe Acrobat Reader DC","[""Tool""]"
"1497","Microsoft Office","[""Tool""]"
"1498","Trello","[""Tool""]"
"1499","erwin data modeler","[""Tool""]"
"1500","Microsoft Access","[""Tool""]"
"1501","Microsoft SharePoint","[""Tool""]"
"1502","Microsoft Lync","[""Tool""]"
"1503","Microsoft PowerPoint","[""Tool""]"
"1504","Google Slides","[""Tool""]"
"1505","Microsoft Word","[""Tool""]"
"1506","Jenkins","[""Tool""]"
"1507","SSRS","[""Tool""]"
"1508","Twitter","[""Tool""]"
"1509","Instagram","[""Tool""]"
"1510","Pinterest","[""Tool""]"
"1511","Linkedin","[""Tool""]"
"1512","reddit","[""Tool""]"
"1513","TikTok","[""Tool""]"
"1514","YouTube","[""Tool""]"
"1515","BigQuery","[""Tool""]"
"1516","Google Data Studio","[""Tool""]"
"1517","Qlik Sense","[""Tool""]"
"1518","QlikView","[""Tool""]"
"1519","IBM Cognos Analytics","[""Tool""]"
"1520","Microsoft Project","[""Tool""]"
"1521","Ansible","[""Tool""]"
"1522","Kubernetes","[""Tool""]"
"1523","Puppet","[""Tool""]"
"1524","Terraform","[""Tool""]"
"1525","Gerrit","[""Tool""]"
"1526","Odoo","[""Tool""]"
"1527","Microsoft Dynamics ERP","[""Tool""]"
"1528","Microsoft Dynamics AX","[""Tool""]"
"1529","Simulink","[""Tool""]"
"1530","RTRT Converter","[""Tool""]"
"1531","Qt","[""Tool""]"
"1532","AWS Lambda","[""Tool""]"
"1533","SmartFoxServer","[""Tool""]"
"1534","Adobe InDesign","[""Tool""]"
"1535","Adobe Premiere Pro","[""Tool""]"
"1536","Affinity","[""Tool""]"
"1537","OpenDNS","[""Tool""]"
"1538","Asana","[""Tool""]"
"1539","Tcpdump","[""Tool""]"
"1540","SonarQube","[""Tool""]"
"1541","TeamCity","[""Tool""]"
"1542","ReQtest","[""Tool""]"
"1543","Word","[""Tool""]"
"1544","Power Apps","[""Tool""]"
"1545","Microsoft Dynamics CRM","[""Tool""]"
"1546","Microsoft Outlook","[""Tool""]"
"1547","Creative Cloud","[""Tool""]"
"1548","InVision","[""Tool""]"
"1549","UXPin","[""Tool""]"
"1550","Adode Illustrator","[""Tool""]"
"1551","Design","[""Tool""]"
"1552","Principle","[""Tool""]"
"1553","SOFiSTiK","[""Tool""]"
"1554","MATLAB","[""Tool""]"
"1555","Stateflow","[""Tool""]"
"1556","CANoe","[""Tool""]"
"1557","Subversion","[""Tool""]"
"1558","RabbitMQ","[""Tool""]"
"1559","Suricata","[""Tool""]"
"1560","OpenGL","[""Tool""]"
"1561","Oracle Fusion Middleware","[""Tool""]"
"1562","Nagios","[""Tool""]"
"1563","Apache TomCat","[""Tool""]"
"1564","Oracle WebLogic Server","[""Tool""]"
"1565","IBM WebSphere","[""Tool""]"
"1566","G Suite","[""Tool""]"
"1567","Gulp.js","[""Tool""]"
"1568","Gradle","[""Tool""]"
"1569","Windows Azure","[""Tool""]"
"1570","SoapUI","[""Tool""]"
"1571","Apache Subversion","[""Tool""]"
"1572","Visual Studio Code","[""Tool""]"
"1573","Atom","[""Tool""]"
"1574","Visio","[""Tool""]"
"1575","Enterprise Architect","[""Tool""]"
"1576","Microsoft Dynamics","[""Tool""]"
"1577","SAP","[""Tool""]"
"1578","WebStorm","[""Tool""]"
"1579","Tessy","[""Tool""]"
"1580","TestPlant","[""Tool""]"
"1581","Ettercap","[""Tool""]"
"1582","Nmap","[""Tool""]"
"1583","Ratio Analysis","[""Tool""]"
"1584","GameMaker","[""Tool""]"
"1585","ProofHub","[""Tool""]"
"1586","Abode Photoshop","[""Tool""]"
"1587","Cisco","[""Tool""]"
"1588","SolarWinds","[""Tool""]"
"1589","AVG Free Antivirus","[""Tool""]"
"1590","Jmeter","[""Tool""]"
"1591","Gmail","[""Tool""]"
"1592","Google Calendar","[""Tool""]"
"1593","OutWitHub","[""Tool""]"
"1594","Spinn3r","[""Tool""]"
"1595","Access control","[""Tool""]"
"1596","Anti-malware software","[""Tool""]"
"1597","DBUnit","[""Tool""]"
"1598","Greenmail","[""Tool""]"
"1599","H2 Database","[""Tool""]"
"1600","What Is My IP","[""Tool""]"
"1601","Whatleaks","[""Tool""]"
"1602","Check Host","[""Tool""]"
"1603","ElasticSearch","[""Tool""]"
"1604","John the Ripper","[""Tool""]"
"1605","Protopie","[""Tool""]"
"1606","Proto.io","[""Tool""]"
"1607","CouchDB","[""Tool""]"
"1608","RavenDB","[""Tool""]"
"1609","NLTK","[""Tool""]"
"1610","Argus","[""Tool""]"
"1611","P0f","[""Tool""]"
"1612","SolarWinds Network Configuration Manager","[""Tool""]"
"1613","Kiwi CatTools","[""Tool""]"
"1614","SolarWinds Network Topology Mapper","[""Tool""]"
"1615","CADE","[""Tool""]"
"1616","Dia Diagram Editor","[""Tool""]"
"1617","Microsoft Visio","[""Tool""]"
"1618","Zabbix","[""Tool""]"
"1619","Datadog Network Monitoring","[""Tool""]"
"1620","ManageEngine OpManager","[""Tool""]"
"1621","Linux","[""Tool""]"
"1622","upBOARD","[""Tool""]"
"1623","PageSpeed Insights","[""Tool""]"
"1624","BackBox","[""Tool""]"
"1625","hping","[""Tool""]"
"1626","Metasploit Project","[""Tool""]"
"1627","OWASP ZAP","[""Tool""]"
"1628","Nessus","[""Tool""]"
"1629","SAINT","[""Tool""]"
"1630","Scoro","[""Tool""]"
"1631","Basecamp","[""Tool""]"
"1632","Abode XD","[""Tool""]"
"1633","AWS SDKs","[""Tool""]"
"1634","FreeRTOS","[""Tool""]"
"1635","Grafana","[""Tool""]"
"1636","HAProxy","[""Tool""]"
"1637","MonoGame","[""Tool""]"
"1638","PlayCanvas","[""Tool""]"
"1639","RPG Maker","[""Tool""]"
"1640","RubyGems","[""Tool""]"
"1641","Ruby on Rails","[""Tool""]"
"1642","Semantic UI","[""Tool""]"
"1643","Spyder","[""Tool""]"
"1644","Stencyl","[""Tool""]"
"1645","Umbraco","[""Tool""]"
"1646","Unix","[""Tool""]"
"1647","Unreal Engine 4","[""Tool""]"
